,TRACTA,Per capita income 1980,Per capita income 1990,Per capita income 2000,Per capita income 2008-2012,Per capita income 2015-2019
45968,0,,,0.0,,
45969,10100,,14955.0,26109.0,45142.0,58325.0
45970,10200,,14899.0,24374.0,,
45971,10206,,,,43457.0,40837.0
45972,10208,,,,45841.0,44416.0
45973,10300,,16004.0,24642.0,,
45974,10304,,,,38709.0,53357.0
45975,10306,,,,32164.0,39259.0
45976,10400,,17154.0,25480.0,33784.0,38411.0
45977,10500,,21661.0,33753.0,52724.0,53893.0
45978,10600,,20130.0,29614.0,48579.0,51410.0
45979,10700,,16778.0,27542.0,45850.0,60467.0
45980,10800,,17074.0,25320.0,38217.0,50264.0
45981,10900,,16014.0,23956.0,34050.0,41413.0
45982,11000,,14302.0,22341.0,,
45983,11002,,,,34355.0,39297.0
45984,11100,,15390.0,23893.0,34510.0,37504.0
45985,11200,,15313.0,22884.0,39253.0,45297.0
45986,11300,,20797.0,29026.0,36280.0,55707.0
45987,11400,,14293.0,26645.0,34421.0,43126.0
45988,11500,,13544.0,21176.0,28947.0,33762.0
45989,11600,,13604.0,24291.0,25458.0,36036.0
45990,11700,,15286.0,27866.0,33268.0,60392.0
45991,11800,,16018.0,29287.0,,
45992,11801,,,,51772.0,58147.0
45993,11802,,,,32525.0,42155.0
45994,12000,,14602.0,20999.0,,
45995,12001,,,,34416.0,37204.0
45996,12002,,,,27576.0,32158.0
45997,12100,,14823.0,19590.0,,
45998,12101,,,,28113.0,31553.0
45999,12102,,,,36246.0,36955.0
46000,12200,,21428.0,34341.0,43402.0,60075.0
46001,12300,,12362.0,16745.0,,
46002,12400,,11673.0,15564.0,,
46003,12500,,17539.0,21443.0,,
46004,12502,,,,32405.0,30260.0
46005,12600,,12844.0,18072.0,,
46006,12601,,,,26064.0,32004.0
46007,12602,,,,20365.0,25361.0
46008,12700,,19568.0,27882.0,34768.0,52538.0
46009,12800,,18429.0,26906.0,34654.0,49049.0
46010,12900,,15910.0,23771.0,31910.0,41979.0
46011,13000,,22526.0,41624.0,,
46012,13002,,,,53536.0,73191.0
46013,13100,,16472.0,24205.0,43627.0,43092.0
46014,13200,,19797.0,26647.0,42198.0,42960.0
46015,13300,,17046.0,29818.0,36903.0,51595.0
46016,13400,,22485.0,32069.0,37647.0,59826.0
46017,13500,,16958.0,26653.0,38922.0,46358.0
46018,13600,,14211.0,22294.0,28627.0,42983.0
46019,13700,,13323.0,18198.0,29515.0,46446.0
46020,13800,,14100.0,21014.0,32668.0,43565.0
46021,13900,,17625.0,24493.0,38878.0,40400.0
46022,14000,,18413.0,28155.0,,
46023,14002,,,,33399.0,46738.0
46024,14100,,8384.0,14069.0,15688.0,21691.0
46025,14300,,18836.0,34370.0,44808.0,60995.0
46026,14400,,16190.0,27345.0,,
46027,14402,,,,36400.0,48130.0
46028,14500,,14480.0,20421.0,27033.0,35106.0
46029,14600,,14857.0,22824.0,32055.0,40397.0
46030,14700,,15394.0,26022.0,36215.0,43539.0
46031,14800,,16555.0,25611.0,41425.0,48901.0
46032,14900,,23806.0,37992.0,63236.0,69036.0
46033,14999,,19485.0,,,
46034,15000,,13614.0,21327.0,,
46035,15001,,,,26242.0,36524.0
46036,15002,,,,27525.0,33870.0
46037,15100,,15327.0,23393.0,35923.0,52962.0
46038,15200,,16952.0,39831.0,53353.0,64141.0
46039,15300,,,,19921.0,24086.0
46040,990000,,,,,
46041,900100,5554.0,10655.0,14582.0,16596.0,22619.0
46042,900200,5518.0,10930.0,13740.0,15531.0,21788.0
46043,900300,5798.0,13238.0,17517.0,27654.0,29496.0
46044,900400,6202.0,14601.0,18353.0,22992.0,25657.0
46045,900500,9036.0,24655.0,25306.0,38751.0,43022.0
46046,900600,5054.0,10224.0,14644.0,16771.0,19596.0
46047,900700,6425.0,14531.0,17766.0,24896.0,32973.0
46048,900800,10478.0,23667.0,35890.0,36759.0,44726.0
46049,900900,7776.0,16685.0,23411.0,29851.0,41314.0
46050,901000,7293.0,15537.0,20214.0,,
46051,901100,8285.0,15926.0,19956.0,28130.0,32304.0
46052,901200,,7580.0,10607.0,,
46053,910100,,,,,
46054,910200,,,,,
46055,910300,,,,,
46056,910400,,,,,
46057,911100,6632.0,16688.0,21106.0,33834.0,37574.0
46058,912100,7312.0,17061.0,23634.0,26540.0,41214.0
46059,913100,7106.0,16822.0,23263.0,33066.0,47930.0
46060,914100,6870.0,15289.0,19799.0,29606.0,36049.0
46061,920100,7388.0,14728.0,,,
46062,920101,,,30048.0,30990.0,34883.0
46063,920102,,,22851.0,46969.0,31417.0
46064,921100,4363.0,9451.0,22432.0,,
46065,921200,5544.0,11497.0,18431.0,,
46066,921300,5279.0,10340.0,15027.0,17696.0,27637.0
46067,921400,5642.0,11805.0,13780.0,21729.0,23583.0
46068,921500,6383.0,11100.0,16496.0,24596.0,23283.0
46069,922100,5977.0,12336.0,19929.0,22268.0,28773.0
46070,922200,6038.0,12782.0,16927.0,21840.0,34609.0
46071,922300,0.0,13502.0,19775.0,27779.0,33129.0
46072,923100,6325.0,14298.0,19156.0,30223.0,37085.0
46073,924100,10295.0,18215.0,32499.0,35772.0,44656.0
46074,925100,6823.0,14206.0,22655.0,34378.0,34370.0
46075,926100,6692.0,17535.0,25492.0,36025.0,48782.0
46076,931100,6050.0,13454.0,19389.0,28391.0,33273.0
46077,931300,,,18604.0,27163.0,30653.0
46078,931400,,,20303.0,28930.0,41680.0
46079,932100,6022.0,13768.0,,,
46080,932200,,,22278.0,35768.0,40917.0
46081,932300,,,19797.0,29255.0,35932.0
46082,933100,7493.0,15825.0,,,
46083,933200,,,32229.0,40127.0,58452.0
46084,933300,,,25658.0,33966.0,43879.0
46085,933400,,,26021.0,36081.0,44193.0
46086,934100,7795.0,18187.0,,,
46087,934200,,,31425.0,36397.0,44406.0
46088,934300,,,42035.0,42485.0,55238.0
46089,935100,8038.0,20371.0,31129.0,43254.0,55862.0
46090,935200,,,,26729.0,32383.0
46091,935300,,,,20355.0,25177.0
46092,0,,,0.0,,
46093,600100,6809.0,16811.0,30134.0,39568.0,45615.0
46094,600200,,,,,
46095,600201,8632.0,21252.0,32941.0,,
46096,600202,8015.0,19072.0,27622.0,38590.0,45211.0
46097,600203,,,,45865.0,55722.0
46098,600204,,,,40222.0,54638.0
46099,610100,6818.0,17301.0,25985.0,33726.0,42915.0
46100,610200,7537.0,18565.0,,,
46101,610201,,,27224.0,,
46102,610202,,,29285.0,43215.0,50369.0
46103,610203,,,,38815.0,63007.0
46104,610204,,,,48889.0,53810.0
46105,611100,6281.0,15354.0,23512.0,,
46106,611101,,,,34566.0,46732.0
46107,611102,,,,23609.0,34033.0
46108,611200,6338.0,16713.0,24254.0,,
46109,611201,,,,31621.0,44366.0
46110,611202,,,,31397.0,49080.0
46111,612100,7008.0,16024.0,24344.0,37855.0,43040.0
46112,612200,7632.0,17564.0,24540.0,32972.0,45671.0
46113,613100,6863.0,15461.0,21828.0,28603.0,35398.0
46114,613200,2195.0,9618.0,,,
46115,613300,7028.0,15722.0,21450.0,32042.0,39147.0
46116,613400,0.0,21465.0,21027.0,30086.0,38100.0
46117,613500,2167.0,4125.0,,,
46118,613600,6203.0,11536.0,18708.0,19462.0,25856.0
46119,613700,6218.0,13926.0,20761.0,26011.0,32200.0
46120,613800,5774.0,10578.0,17051.0,18729.0,22347.0
46121,613900,6257.0,13799.0,18539.0,,
46122,613901,,,,23273.0,27750.0
46123,613902,,,,27836.0,35111.0
46124,614000,5338.0,10937.0,16895.0,18197.0,21137.0
46125,614100,6400.0,14872.0,,,
46126,614101,,,21491.0,26421.0,29551.0
46127,614102,,,20067.0,28572.0,41429.0
46128,615100,6838.0,15479.0,22600.0,34440.0,39826.0
46129,616100,6306.0,14639.0,21652.0,30738.0,42304.0
46130,617100,6419.0,15603.0,,,
46131,617101,,,24588.0,31547.0,39660.0
46132,617102,,,23846.0,33527.0,40080.0
46133,630100,7161.0,15553.0,23067.0,,
46134,630101,,,,31958.0,32744.0
46135,630102,,,,27710.0,32625.0
46136,630200,7501.0,18969.0,28123.0,36192.0,43361.0
46137,630300,,,26336.0,36915.0,49952.0
46138,630400,,,26408.0,37119.0,53382.0
46139,631100,6868.0,14852.0,23007.0,29850.0,33575.0
46140,631200,7998.0,16639.0,25940.0,32776.0,41101.0
46141,631300,8585.0,16249.0,24669.0,34439.0,50731.0
46142,631400,5596.0,10524.0,19121.0,24978.0,25619.0
46143,631500,6943.0,14906.0,21078.0,30193.0,33994.0
46144,631600,5652.0,11376.0,19878.0,20280.0,25475.0
46145,631700,7056.0,15690.0,22628.0,30769.0,42116.0
46146,631800,7215.0,16194.0,21732.0,33954.0,42028.0
46147,632100,8074.0,18082.0,24406.0,36598.0,51852.0
46148,632200,7370.0,16716.0,23755.0,31652.0,41364.0
46149,633100,8012.0,17998.0,25052.0,38356.0,46929.0
46150,633200,7631.0,17297.0,27798.0,33514.0,43565.0
46151,640100,5124.0,10928.0,15629.0,23411.0,25391.0
46152,640200,5201.0,10075.0,14299.0,18477.0,19309.0
46153,640300,4770.0,8688.0,13712.0,15705.0,21830.0
46154,640400,5181.0,10965.0,15750.0,21021.0,27094.0
46155,640500,5503.0,11577.0,14257.0,22170.0,31655.0
46156,640600,5008.0,10307.0,14808.0,18112.0,21052.0
46157,640700,5808.0,12523.0,17117.0,26016.0,27263.0
46158,640800,4348.0,8917.0,12827.0,19744.0,26233.0
46159,640900,4505.0,9049.0,16816.0,,
46160,640901,,,,15063.0,19985.0
46161,641000,3915.0,8338.0,12345.0,18641.0,17486.0
46162,641099,0.0,,,,
46163,641100,4516.0,7895.0,12411.0,,
46164,641101,,,,17910.0,18557.0
46165,641200,4767.0,8562.0,13459.0,16745.0,19049.0
46166,641300,4329.0,8733.0,12075.0,14181.0,22787.0
46167,641400,4472.0,7722.0,13214.0,16437.0,18306.0
46168,641500,5323.0,10988.0,15264.0,23600.0,29640.0
46169,641600,5685.0,12824.0,16106.0,23489.0,36143.0
46170,641700,6018.0,11740.0,19486.0,21664.0,30518.0
46171,641800,6212.0,13307.0,20414.0,24137.0,31025.0
46172,641900,4825.0,10703.0,15952.0,21569.0,24020.0
46173,642000,4083.0,10948.0,14185.0,21949.0,21005.0
46174,642099,0.0,,,,
46175,642100,5584.0,12605.0,19584.0,25458.0,29934.0
46176,642200,4934.0,11289.0,14551.0,22802.0,21026.0
46177,642300,7681.0,20392.0,31167.0,40979.0,43633.0
46178,642400,6714.0,14379.0,19428.0,22179.0,28858.0
46179,642500,7261.0,15950.0,21801.0,30454.0,39306.0
46180,644100,7302.0,15388.0,,,
46181,644101,,,25247.0,34509.0,39508.0
46182,644102,,,22071.0,36328.0,37090.0
46183,644200,6912.0,14520.0,20376.0,27756.0,41484.0
46184,644299,,6000.0,,,
46185,645100,6692.0,15100.0,,,
46186,645101,,,21911.0,29508.0,34506.0
46187,645102,,,22437.0,34407.0,34650.0
46188,645103,,,21076.0,40170.0,41653.0
46189,646100,6549.0,15525.0,,,
46190,646101,,,22009.0,31670.0,36779.0
46191,646102,,,28395.0,,
46192,646103,,,,35439.0,38887.0
46193,646104,,,,50496.0,58823.0
46194,650100,,,,,
46195,650101,6817.0,13269.0,20244.0,27098.0,33002.0
46196,650102,5546.0,12445.0,17682.0,25901.0,29435.0
46197,650200,,,,,
46198,650201,7288.0,14047.0,19709.0,30006.0,34848.0
46199,650202,6624.0,12006.0,18679.0,20032.0,29615.0
46200,650300,6312.0,13982.0,21354.0,24045.0,26933.0
46201,650400,5304.0,10736.0,17805.0,22409.0,26536.0
46202,650500,5608.0,11508.0,16033.0,27761.0,29155.0
46203,650600,4842.0,12021.0,11433.0,16886.0,17414.0
46204,650700,4203.0,8416.0,10380.0,14230.0,15414.0
46205,650800,4644.0,9705.0,13397.0,18196.0,20248.0
46206,650900,4402.0,7856.0,9485.0,13937.0,24769.0
46207,651000,,,,,
46208,651001,6256.0,13295.0,16238.0,27018.0,29843.0
46209,651002,5795.0,11565.0,16464.0,28267.0,34543.0
46210,651100,4687.0,9595.0,12037.0,13645.0,24673.0
46211,651200,4605.0,7989.0,9045.0,16390.0,18378.0
46212,651300,4730.0,10006.0,13316.0,16206.0,21748.0
46213,651400,5450.0,10636.0,13646.0,22048.0,25111.0
46214,651500,4532.0,9591.0,13419.0,18409.0,23687.0
46215,651600,5275.0,11699.0,16080.0,20560.0,31529.0
46216,651700,4988.0,9974.0,15339.0,20340.0,19998.0
46217,651800,5488.0,11907.0,13365.0,20747.0,17731.0
46218,651899,,15396.0,,,
46219,651900,4228.0,7328.0,11828.0,13686.0,17275.0
46220,652000,5463.0,11169.0,17649.0,19684.0,23733.0
46221,652100,6250.0,13657.0,19151.0,28951.0,28832.0
46222,652200,7360.0,14745.0,20944.0,28854.0,33684.0
46223,652300,5120.0,10087.0,19226.0,18834.0,24936.0
46224,652400,5064.0,9450.0,14824.0,16580.0,21956.0
46225,652500,4602.0,8868.0,11680.0,16500.0,18861.0
46226,652600,4106.0,6211.0,11125.0,13766.0,22022.0
46227,652700,4859.0,8523.0,12279.0,15930.0,20174.0
46228,652800,7161.0,13227.0,18266.0,25106.0,30634.0
46229,652899,7167.0,,,,
46230,652900,0.0,,,,
46231,653100,6835.0,14751.0,,,
46232,653101,,,21063.0,30249.0,34657.0
46233,653102,,,24348.0,24585.0,35858.0
46234,653200,6019.0,12623.0,,,
46235,653201,,,22438.0,,
46236,653202,,,10108.0,,
46237,653203,,,,26522.0,34707.0
46238,653204,,,,29319.0,41336.0
46239,653300,8200.0,19823.0,,,
46240,653301,,,33822.0,41090.0,52353.0
46241,653302,,,35784.0,,
46242,653304,,,,50903.0,63994.0
46243,654100,6530.0,13940.0,22107.0,33253.0,38793.0
46244,654200,6057.0,14207.0,21095.0,25653.0,33953.0
46245,655100,6607.0,13045.0,20370.0,32272.0,36132.0
46246,655200,6212.0,13166.0,18829.0,25970.0,29190.0
46247,655300,5948.0,13057.0,18567.0,29824.0,35994.0
46248,655400,6800.0,13155.0,25923.0,31782.0,41058.0
46249,985500,,,,16256.0,14222.0
46250,985600,,,,33034.0,46012.0
46251,990000,,,,,
46252,200100,,17107.0,26783.0,30430.0,41851.0
46253,200200,,16695.0,23829.0,30099.0,37105.0
46254,200300,,22242.0,25740.0,35455.0,48032.0
46255,200400,,16762.0,29526.0,36816.0,57749.0
46256,990000,,,,,
46257,0,,,0.0,,
46258,201100,10357.0,22724.0,41807.0,47402.0,64235.0
46259,202100,9136.0,20049.0,28809.0,,
46260,202101,,,,48947.0,57341.0
46261,202102,,,,41087.0,40475.0
46262,202200,11922.0,32993.0,44422.0,64077.0,73438.0
46263,203100,12016.0,30053.0,42222.0,50710.0,69685.0
46264,203200,11933.0,33302.0,58504.0,67610.0,71936.0
46265,203300,11147.0,29797.0,44060.0,,
46266,203301,,,,55036.0,55063.0
46267,203302,,,,60886.0,77346.0
46268,204100,6996.0,16421.0,,,
46269,204101,,,20173.0,27369.0,36071.0
46270,204102,,,31804.0,32525.0,39460.0
46271,204200,8647.0,17659.0,23909.0,31373.0,32930.0
46272,204300,5392.0,11062.0,15901.0,26774.0,26869.0
46273,204400,7919.0,18619.0,27220.0,43048.0,45905.0
46274,204500,7318.0,17043.0,27333.0,43611.0,55224.0
46275,204600,6639.0,16168.0,23405.0,30823.0,45935.0
46276,204700,6652.0,,,,
46277,204701,,16255.0,26915.0,28503.0,36806.0
46278,204702,,15277.0,20928.0,27465.0,34408.0
46279,205100,7417.0,15903.0,23010.0,32136.0,32411.0
46280,205200,7042.0,15210.0,21661.0,27627.0,30315.0
46281,205300,7403.0,15625.0,24335.0,31233.0,37454.0
46282,205400,8813.0,17613.0,26665.0,35242.0,44420.0
46283,205500,5631.0,11240.0,16533.0,19354.0,24530.0
46284,205600,6631.0,12906.0,16721.0,21638.0,26716.0
46285,205700,6862.0,14426.0,21061.0,24758.0,32020.0
46286,205800,5906.0,11083.0,17732.0,17903.0,22691.0
46287,205900,5835.0,13550.0,16787.0,21229.0,26536.0
46288,206000,6561.0,11591.0,11669.0,15775.0,21450.0
46289,206100,5233.0,9158.0,13049.0,15100.0,17329.0
46290,206200,5491.0,9194.0,11459.0,15394.0,19748.0
46291,206300,5379.0,11423.0,14720.0,18419.0,23480.0
46292,206400,6796.0,14018.0,17055.0,21609.0,29815.0
46293,206500,5297.0,10474.0,13884.0,17887.0,21259.0
46294,206600,7179.0,15837.0,21336.0,26799.0,26539.0
46295,206700,8090.0,16879.0,20923.0,26636.0,31345.0
46296,206800,6034.0,8848.0,11485.0,18308.0,18885.0
46297,206900,6565.0,12891.0,17309.0,20353.0,19578.0
46298,207000,4076.0,8214.0,11835.0,16194.0,18556.0
46299,207100,5554.0,10619.0,13299.0,13900.0,19363.0
46300,207200,4626.0,9163.0,11156.0,16371.0,22072.0
46301,208100,6682.0,,,,
46302,208101,,16864.0,21962.0,29249.0,34016.0
46303,208102,,16002.0,22733.0,32882.0,40811.0
46304,208200,6907.0,15917.0,22727.0,31228.0,37598.0
46305,208300,7648.0,18053.0,25962.0,32935.0,36372.0
46306,208400,9344.0,22091.0,33616.0,45996.0,50148.0
46307,209100,10373.0,21817.0,36080.0,44374.0,51777.0
46308,209200,12999.0,30910.0,43617.0,46955.0,75060.0
46309,210100,8106.0,17528.0,28139.0,35118.0,53968.0
46310,210200,8443.0,20294.0,27271.0,39465.0,47392.0
46311,210300,9572.0,19391.0,28116.0,39055.0,39703.0
46312,210400,8061.0,18674.0,25804.0,40651.0,36561.0
46313,210500,7474.0,17082.0,25244.0,34825.0,46837.0
46314,210600,7262.0,15717.0,21923.0,30508.0,35289.0
46315,210700,6064.0,13250.0,20989.0,25710.0,27279.0
46316,210800,5666.0,12752.0,17044.0,23075.0,30984.0
46317,210900,7217.0,13703.0,22948.0,33133.0,37033.0
46318,211100,7894.0,17685.0,25864.0,36546.0,42436.0
46319,211200,7747.0,16991.0,26270.0,33649.0,40367.0
46320,211300,8286.0,20103.0,29082.0,39464.0,48685.0
46321,211400,8844.0,19653.0,25902.0,,
46322,211401,,,,38415.0,44092.0
46323,211402,,,,45085.0,43683.0
46324,211500,834.0,0.0,,,
46325,212100,7948.0,19933.0,29031.0,34777.0,52896.0
46326,213100,11442.0,30634.0,48846.0,61010.0,79705.0
46327,214100,10733.0,27375.0,37770.0,52562.0,53853.0
46328,215100,9415.0,21269.0,33222.0,,
46329,215101,,,,44299.0,53019.0
46330,215102,,,,37037.0,43436.0
46331,216100,11067.0,21781.0,36812.0,52868.0,53992.0
46332,217100,9437.0,19204.0,31475.0,36160.0,51216.0
46333,217200,7619.0,17381.0,,,
46334,217201,,,23434.0,31889.0,48873.0
46335,217202,,,23627.0,36890.0,42499.0
46336,217300,6136.0,12405.0,18873.0,26222.0,34197.0
46337,217400,7007.0,16641.0,26888.0,34502.0,34084.0
46338,217500,8656.0,20210.0,28172.0,43995.0,52409.0
46339,217600,9057.0,23046.0,38531.0,42029.0,50640.0
46340,218100,12032.0,29417.0,47910.0,69269.0,74989.0
46341,220100,8436.0,19882.0,29294.0,,
46342,220101,,,,43769.0,57140.0
46343,220102,,,,44459.0,42864.0
46344,221100,8118.0,17982.0,27253.0,47426.0,50296.0
46345,221199,0.0,,,,
46346,221200,7456.0,16251.0,,,
46347,221300,10170.0,21167.0,34960.0,42860.0,58873.0
46348,221400,5999.0,13462.0,19444.0,27107.0,31532.0
46349,221500,6075.0,11555.0,17664.0,24118.0,32740.0
46350,221599,,0.0,,,
46351,221600,5782.0,14524.0,17764.0,24135.0,27238.0
46352,221700,6104.0,12045.0,21381.0,30588.0,31261.0
46353,221800,6222.0,14758.0,22492.0,41766.0,50584.0
46354,221900,9335.0,17998.0,30726.0,,
46355,221901,,,,38833.0,52702.0
46356,221902,,,,43197.0,45880.0
46357,222100,7264.0,19211.0,31613.0,40996.0,48879.0
46358,223100,8331.0,22043.0,34855.0,45466.0,50729.0
46359,223200,7567.0,16550.0,24336.0,37329.0,41654.0
46360,223300,8827.0,21555.0,36462.0,47440.0,60969.0
46361,250100,5007.0,8336.0,13745.0,17648.0,23605.0
46362,250200,6565.0,11502.0,13666.0,19401.0,18259.0
46363,250300,4186.0,7517.0,8783.0,19169.0,16830.0
46364,250400,4153.0,5767.0,10632.0,12175.0,15587.0
46365,250500,4190.0,5307.0,8243.0,14999.0,14825.0
46366,250600,5638.0,9927.0,12027.0,17013.0,22085.0
46367,250700,5011.0,8240.0,11414.0,12473.0,19102.0
46368,250800,6178.0,13189.0,16139.0,17039.0,18924.0
46369,250900,3129.0,5321.0,7312.0,13389.0,14141.0
46370,251000,4948.0,5870.0,10060.0,16914.0,17770.0
46371,251100,3764.0,7145.0,8942.0,12774.0,20647.0
46372,251200,4731.0,6935.0,9759.0,12987.0,16071.0
46373,251300,4058.0,5536.0,7815.0,10636.0,16302.0
46374,251400,5423.0,9383.0,14582.0,14490.0,20546.0
46375,251500,5789.0,11044.0,15794.0,18246.0,26340.0
46376,251600,5692.0,9888.0,12882.0,16298.0,21283.0
46377,251700,5928.0,10635.0,16182.0,19804.0,26309.0
46378,251800,7443.0,16095.0,21524.0,28295.0,29085.0
46379,252100,7175.0,,,,
46380,252101,,15864.0,23927.0,30574.0,26804.0
46381,252102,,17915.0,26199.0,35315.0,49861.0
46382,252200,7469.0,15762.0,,,
46383,252201,,,21974.0,31839.0,37458.0
46384,252202,,,22913.0,36529.0,41796.0
46385,252300,6651.0,16185.0,19477.0,24448.0,29979.0
46386,252400,5467.0,10532.0,13481.0,15824.0,20939.0
46387,252500,7354.0,,,,
46388,252501,,15207.0,21432.0,28708.0,26014.0
46389,252502,,17314.0,23026.0,30281.0,35041.0
46390,252600,7267.0,,,,
46391,252601,,15676.0,23176.0,31553.0,36680.0
46392,252602,,16071.0,23469.0,34766.0,49471.0
46393,252603,,,30317.0,36184.0,43594.0
46394,253100,7197.0,16865.0,25605.0,37507.0,35521.0
46395,253200,9077.0,,,,
46396,253201,,21455.0,27592.0,36768.0,53407.0
46397,253202,,20293.0,26745.0,31678.0,39361.0
46398,253203,,31064.0,47630.0,67667.0,76877.0
46399,253204,,27972.0,40580.0,60005.0,64818.0
46400,253205,,,44633.0,54011.0,71081.0
46401,254100,10224.0,23554.0,36928.0,51298.0,74086.0
46402,254200,8591.0,21039.0,33457.0,41026.0,49545.0
46403,254300,11359.0,,,,
46404,254301,,30908.0,44918.0,65969.0,82021.0
46405,254302,,31144.0,47086.0,57186.0,72522.0
46406,254400,10216.0,,,,
46407,254401,,28806.0,41530.0,57417.0,63332.0
46408,254402,,23214.0,42581.0,51268.0,64448.0
46409,254403,,,42098.0,57818.0,77293.0
46410,260100,4445.0,10298.0,14572.0,16919.0,25265.0
46411,260200,5346.0,11917.0,19797.0,21027.0,25841.0
46412,260300,6914.0,16674.0,,,
46413,260301,,,26672.0,34668.0,40881.0
46414,260302,,,25064.0,39743.0,46974.0
46415,260400,7333.0,19319.0,,,
46416,260401,,,31952.0,40447.0,40909.0
46417,260402,,,30144.0,38552.0,44645.0
46418,260500,7698.0,17905.0,25767.0,31501.0,37239.0
46419,260600,5430.0,12933.0,18016.0,27888.0,26305.0
46420,260700,6271.0,14593.0,21150.0,28145.0,30658.0
46421,260800,5453.0,11316.0,15437.0,17591.0,22651.0
46422,260900,5797.0,14768.0,20684.0,26891.0,27609.0
46423,261000,6663.0,15480.0,21823.0,30122.0,31890.0
46424,261100,7696.0,17588.0,,,
46425,261101,,,26163.0,36516.0,43993.0
46426,261102,,,25924.0,32668.0,32335.0
46427,262100,6866.0,16327.0,24869.0,38975.0,44616.0
46428,263100,8140.0,20450.0,35323.0,54433.0,62617.0
46429,264100,7731.0,20038.0,25430.0,39938.0,44709.0
46430,265100,7639.0,17571.0,,,
46431,265101,,,26271.0,45082.0,51031.0
46432,265102,,,31222.0,41409.0,54923.0
46433,266100,7540.0,15850.0,28030.0,41531.0,51734.0
46434,266200,6011.0,14825.0,21817.0,35425.0,39481.0
46435,266300,6609.0,16024.0,23174.0,47945.0,41591.0
46436,266400,6550.0,15271.0,24288.0,39605.0,37683.0
46437,267100,6015.0,14455.0,,,
46438,267101,,,22578.0,40863.0,43366.0
46439,267102,,,20946.0,33088.0,43111.0
46440,268100,6264.0,18094.0,30367.0,45093.0,58569.0
46441,268200,7461.0,18487.0,32262.0,53728.0,57880.0
46442,268300,7067.0,18693.0,35600.0,45112.0,64077.0
46443,268400,7342.0,20337.0,37470.0,46057.0,77229.0
46444,269100,7888.0,19917.0,34640.0,41696.0,57871.0
46445,270100,7611.0,18130.0,27413.0,39587.0,54885.0
46446,270297,,0.0,,,
46447,270298,,0.0,,,
46448,990100,,,,,
46449,40100,,12866.0,20645.0,29785.0,32121.0
46450,40200,,14288.0,22647.0,29506.0,37874.0
46451,40300,,14253.0,21517.0,31829.0,39819.0
46452,40400,,12662.0,19497.0,27309.0,29962.0
46453,40500,,11106.0,17361.0,,
46454,40501,,,,20271.0,27952.0
46455,40502,,,,22810.0,27343.0
46456,40600,,17137.0,27749.0,37451.0,44608.0
46457,40700,,13491.0,,,
46458,40701,,,15481.0,22978.0,26212.0
46459,40702,,,20051.0,29196.0,33945.0
46460,40800,,13675.0,22303.0,32412.0,42081.0
46461,40900,,17526.0,24555.0,35402.0,43325.0
46462,41000,,15373.0,19939.0,32956.0,37690.0
46463,41100,,17199.0,23535.0,32042.0,37316.0
46464,41200,,13019.0,19421.0,23329.0,33184.0
46465,41300,,11645.0,16365.0,23617.0,29630.0
46466,41400,,11110.0,15176.0,19438.0,23601.0
46467,41500,,14733.0,22945.0,,
46468,41501,,,,35522.0,51303.0
46469,41502,,,,29506.0,42153.0
46470,800100,5778.0,11388.0,13669.0,,
46471,800101,,,,24141.0,22051.0
46472,800102,,,,13455.0,19275.0
46473,800200,,,,,
46474,800201,6567.0,13263.0,15673.0,19412.0,24081.0
46475,800202,9015.0,12375.0,18747.0,26229.0,22993.0
46476,800300,6796.0,13487.0,19430.0,19903.0,25224.0
46477,800400,5789.0,12810.0,15995.0,17692.0,25808.0
46478,800500,6537.0,11651.0,17389.0,18241.0,22299.0
46479,800600,2405.0,5237.0,5255.0,7089.0,9136.0
46480,800700,2589.0,6587.0,9989.0,12314.0,12973.0
46481,800800,2682.0,6048.0,7723.0,14667.0,9357.0
46482,800900,3459.0,6516.0,8617.0,8487.0,12523.0
46483,801000,8374.0,0.0,,,
46484,801101,7532.0,16295.0,11293.0,13455.0,18235.0
46485,801102,6424.0,15992.0,16365.0,13000.0,24090.0
46486,801200,6368.0,10212.0,11562.0,13034.0,11793.0
46487,801300,4542.0,8992.0,11308.0,14764.0,17134.0
46488,801400,,,,,
46489,801401,3951.0,7016.0,10379.0,12366.0,13623.0
46490,801402,5444.0,11660.0,15529.0,24275.0,22892.0
46491,801501,5828.0,13705.0,16966.0,17091.0,21748.0
46492,801502,5826.0,10137.0,13377.0,18150.0,16125.0
46493,801503,6128.0,13431.0,16580.0,20719.0,18728.0
46494,801601,6234.0,11568.0,17951.0,17413.0,25035.0
46495,801602,6612.0,13461.0,18088.0,21961.0,29855.0
46496,801603,6922.0,14095.0,22272.0,26895.0,33458.0
46497,801604,7304.0,14617.0,22405.0,32436.0,37672.0
46498,801605,6901.0,15197.0,17808.0,23257.0,27566.0
46499,801700,4346.0,8813.0,11333.0,11128.0,12369.0
46500,801800,3639.0,6584.0,10957.0,9567.0,12794.0
46501,801900,5180.0,8978.0,10116.0,,
46502,801901,,,,10171.0,11643.0
46503,801902,,,,12144.0,21986.0
46504,802000,4311.0,6401.0,11334.0,8992.0,10517.0
46505,802100,7507.0,15692.0,17437.0,22697.0,26624.0
46506,802200,5709.0,10313.0,12912.0,13123.0,18539.0
46507,802300,5867.0,11238.0,13305.0,15493.0,18108.0
46508,802400,8147.0,17793.0,24304.0,30106.0,36736.0
46509,802500,7603.0,15429.0,23059.0,30356.0,29879.0
46510,802600,,,,,
46511,802601,6496.0,13657.0,17532.0,18654.0,22252.0
46512,802602,8683.0,20294.0,22488.0,34542.0,39238.0
46513,810100,6480.0,16393.0,18926.0,28289.0,34208.0
46514,810200,7192.0,13612.0,19476.0,27482.0,34360.0
46515,810300,6728.0,12834.0,17457.0,23779.0,28171.0
46516,810400,,,,,
46517,810401,6913.0,,,,
46518,810402,6845.0,13515.0,,,
46519,810403,,,15905.0,25835.0,23976.0
46520,810404,,,21120.0,28555.0,30492.0
46521,810411,,16081.0,,,
46522,810412,,13834.0,22410.0,31703.0,37035.0
46523,810414,,,20029.0,29871.0,37226.0
46524,810500,4009.0,0.0,,,
46525,810600,,,,,
46526,810601,6919.0,14147.0,20897.0,25609.0,30577.0
46527,810602,6802.0,15843.0,23462.0,33889.0,38165.0
46528,810700,6629.0,12841.0,18560.0,25265.0,27810.0
46529,810800,6550.0,16025.0,17889.0,22160.0,24187.0
46530,810900,,,,,
46531,810901,6236.0,12546.0,13726.0,12254.0,19265.0
46532,810902,6399.0,11775.0,17322.0,19824.0,26535.0
46533,811000,6396.0,13699.0,20967.0,26089.0,35395.0
46534,811100,,,,,
46535,811101,5521.0,11565.0,14974.0,18895.0,19866.0
46536,811102,5607.0,12045.0,14515.0,21499.0,26719.0
46537,811200,6564.0,13681.0,18578.0,28711.0,34376.0
46538,811300,,,,,
46539,811301,7086.0,13241.0,22150.0,28195.0,26058.0
46540,811302,6284.0,15328.0,20568.0,24628.0,33374.0
46541,811400,3542.0,5530.0,8046.0,12114.0,10819.0
46542,811500,2942.0,3802.0,10480.0,6532.0,8423.0
46543,811600,3800.0,5563.0,6950.0,9427.0,12897.0
46544,811700,4759.0,8124.0,8002.0,11763.0,15555.0
46545,811800,6273.0,10149.0,11600.0,18967.0,21339.0
46546,811900,9905.0,21519.0,28859.0,33969.0,43868.0
46547,812000,7364.0,12364.0,16741.0,,
46548,812001,,,,17563.0,23149.0
46549,812002,,,,21272.0,28149.0
46550,812100,6466.0,,,,
46551,812101,,15138.0,23989.0,35674.0,33574.0
46552,812102,,11819.0,16130.0,,
46553,812103,,,,16012.0,20103.0
46554,812104,,,,21442.0,26340.0
46555,812200,7760.0,16614.0,22137.0,,
46556,812201,,,,24460.0,35273.0
46557,812202,,,,27193.0,30871.0
46558,812300,6212.0,11499.0,14237.0,17314.0,20970.0
46559,812400,,,,,
46560,812401,8502.0,19575.0,26245.0,38786.0,43418.0
46561,812402,7021.0,15272.0,20717.0,,
46562,812403,,,,28308.0,31004.0
46563,812404,,,,30226.0,42577.0
46564,812500,6657.0,13871.0,21513.0,29832.0,33890.0
46565,812600,7769.0,17239.0,27050.0,38798.0,46675.0
46566,812700,,,,,
46567,812701,6435.0,12302.0,16903.0,21777.0,25899.0
46568,812702,5683.0,11599.0,14090.0,17484.0,23248.0
46569,812800,6611.0,13295.0,20595.0,26128.0,36641.0
46570,812900,7205.0,,,,
46571,812901,,,23833.0,32309.0,34555.0
46572,812902,,,24345.0,33404.0,41083.0
46573,812903,,,5967.0,3879.0,4222.0
46574,812911,,14768.0,,,
46575,812912,,16047.0,,,
46576,813000,6789.0,15367.0,22456.0,30822.0,36725.0
46577,813100,6733.0,14979.0,21756.0,,
46578,813101,,,,34900.0,36217.0
46579,813102,,,,32984.0,42722.0
46580,813200,7317.0,,,,
46581,813201,,17025.0,,,
46582,813202,,14302.0,,,
46583,813203,,17279.0,22417.0,,
46584,813204,,,22673.0,36815.0,45676.0
46585,813205,,,23375.0,30745.0,38419.0
46586,813206,,,22297.0,31590.0,40490.0
46587,813207,,,21716.0,25327.0,32557.0
46588,813208,,,,29645.0,37530.0
46589,813209,,,,31941.0,33865.0
46590,813300,12287.0,,,,
46591,813301,,25847.0,33935.0,50765.0,47516.0
46592,813302,,32171.0,43273.0,,
46593,813303,,,,57735.0,65818.0
46594,813304,,,,48543.0,68117.0
46595,813400,,,,,
46596,813401,7319.0,14991.0,24644.0,31709.0,31791.0
46597,813402,8465.0,18296.0,,,
46598,813403,,,28925.0,31659.0,41289.0
46599,813404,,,29608.0,43098.0,47657.0
46600,813500,7498.0,18674.0,26690.0,36187.0,43369.0
46601,813600,,,,,
46602,813601,9373.0,20431.0,27992.0,37079.0,44983.0
46603,813602,9818.0,23266.0,32199.0,44869.0,54694.0
46604,813700,6717.0,14454.0,22519.0,,
46605,813701,,,,31668.0,40238.0
46606,813702,,,,31568.0,39328.0
46607,813800,6528.0,13805.0,22519.0,,
46608,813801,,,,31376.0,35327.0
46609,813802,,,,33625.0,36656.0
46610,820100,6586.0,13082.0,,,
46611,820101,,,20020.0,33130.0,34191.0
46612,820102,,,17105.0,18185.0,24800.0
46613,820200,,,,,
46614,820201,6474.0,15493.0,,,
46615,820202,8889.0,19640.0,29821.0,53791.0,53038.0
46616,820203,,,20137.0,30144.0,41792.0
46617,820204,,,24562.0,37475.0,41705.0
46618,820300,6596.0,13278.0,19142.0,24754.0,31257.0
46619,820400,2316.0,3537.0,6243.0,3511.0,4467.0
46620,820500,0.0,14810.0,26259.0,29195.0,31772.0
46621,820600,0.0,4960.0,4649.0,4160.0,5060.0
46622,820700,0.0,17818.0,28160.0,34845.0,38924.0
46623,820800,0.0,,,,
46624,820801,,16673.0,20753.0,42568.0,38014.0
46625,820802,,2919.0,0.0,3064.0,3744.0
46626,820900,6671.0,16748.0,23209.0,32348.0,45998.0
46627,821000,7430.0,16589.0,23956.0,35023.0,37161.0
46628,821100,7244.0,16027.0,21315.0,31830.0,35498.0
46629,821200,3213.0,6735.0,8107.0,6207.0,10898.0
46630,821300,9906.0,22640.0,30786.0,36375.0,47590.0
46631,821400,7734.0,16224.0,24945.0,34366.0,46151.0
46632,821500,6917.0,17713.0,24813.0,32080.0,38283.0
46633,821600,,,,,
46634,821601,6825.0,16799.0,22086.0,33224.0,43326.0
46635,821602,6425.0,14604.0,23426.0,33229.0,38526.0
46636,821700,7408.0,17337.0,22758.0,31150.0,42113.0
46637,821800,5635.0,7615.0,,,
46638,821900,,0.0,,,
46639,821901,8538.0,18518.0,32415.0,38614.0,43600.0
46640,821902,6966.0,14272.0,23533.0,,
46641,821903,,,,28503.0,36430.0
46642,821904,,,,39304.0,40852.0
46643,822000,2870.0,4581.0,7584.0,3584.0,7927.0
46644,822100,0.0,7537.0,,,
46645,822200,6413.0,15203.0,27838.0,43658.0,40279.0
46646,822300,7056.0,13368.0,20268.0,29333.0,34388.0
46647,822400,6799.0,,,,
46648,822401,,16228.0,23101.0,33392.0,40163.0
46649,822402,,15910.0,22366.0,31109.0,35020.0
46650,822500,6827.0,17125.0,26205.0,33391.0,47307.0
46651,822600,6267.0,15947.0,22649.0,,
46652,822601,,,,29498.0,33425.0
46653,822603,,,,34542.0,41571.0
46654,822605,,,,31422.0,36459.0
46655,822606,,,,33679.0,46198.0
46656,822700,6371.0,15775.0,22817.0,32029.0,39330.0
46657,300100,6449.0,16611.0,21648.0,31627.0,40389.0
46658,301100,6997.0,15694.0,,,
46659,301101,,,24429.0,33410.0,43246.0
46660,301102,,,21374.0,34067.0,42310.0
46661,302100,6872.0,16362.0,20720.0,,
46662,302200,4084.0,9822.0,4648.0,,
46663,310100,4522.0,9436.0,15424.0,26098.0,28344.0
46664,310200,6257.0,14337.0,17960.0,26090.0,23998.0
46665,310300,6515.0,14317.0,16969.0,21849.0,22860.0
46666,310400,4768.0,9181.0,12281.0,21004.0,20308.0
46667,310500,5633.0,12276.0,16668.0,22052.0,25736.0
46668,310600,6462.0,16115.0,,,
46669,310601,,,21127.0,28365.0,30197.0
46670,310602,,,20897.0,31937.0,35512.0
46671,310700,4924.0,9492.0,16273.0,15362.0,18544.0
46672,310800,3767.0,5464.0,7137.0,,
46673,310900,5473.0,,,,
46674,311000,3156.0,5785.0,7065.0,,
46675,311100,3975.0,6184.0,9970.0,16203.0,26599.0
46676,311200,5154.0,7462.0,12352.0,18414.0,22282.0
46677,311300,6475.0,14692.0,16075.0,24571.0,26160.0
46678,311400,7150.0,14460.0,23379.0,22207.0,28046.0
46679,311500,7636.0,15920.0,20494.0,20100.0,30312.0
46680,311600,7027.0,16679.0,21157.0,31463.0,28894.0
46681,311700,6482.0,12078.0,15315.0,20547.0,26868.0
46682,311800,4527.0,9260.0,11546.0,15977.0,20973.0
46683,311900,4747.0,9162.0,13169.0,23583.0,17844.0
46684,312000,5130.0,9225.0,12914.0,16450.0,20992.0
46685,312100,4977.0,9569.0,14740.0,20604.0,20588.0
46686,312200,4979.0,12921.0,18207.0,23839.0,27310.0
46687,312300,6877.0,16046.0,19891.0,27369.0,33657.0
46688,312400,4377.0,8071.0,12868.0,17174.0,21367.0
46689,312500,8204.0,18950.0,,,
46690,312501,,,26796.0,37853.0,42250.0
46691,312502,,,31308.0,39219.0,49352.0
46692,313100,7107.0,16633.0,,,
46693,313101,,,31325.0,46158.0,48813.0
46694,313102,,,23985.0,37813.0,48640.0
46695,314100,6930.0,16167.0,,,
46696,314101,,,23671.0,29698.0,33569.0
46697,314102,,,24786.0,31447.0,38931.0
46698,314200,6704.0,15714.0,21176.0,28741.0,40799.0
46699,314300,7203.0,,,,
46700,314301,,,24648.0,32401.0,38144.0
46701,314302,,,23882.0,37662.0,44906.0
46702,314398,,17311.0,,,
46703,315100,7704.0,18338.0,31753.0,43245.0,41208.0
46704,315200,7457.0,20856.0,27124.0,39382.0,52070.0
46705,315300,5051.0,9782.0,,,
46706,315400,7068.0,17542.0,,,
46707,315401,,,25434.0,32951.0,40629.0
46708,315402,,,31831.0,37772.0,50646.0
46709,315403,,,23513.0,38937.0,38701.0
46710,315500,6871.0,17578.0,23627.0,33593.0,42331.0
46711,316100,7172.0,16999.0,,,
46712,316101,,,24269.0,35728.0,42886.0
46713,316102,,,25682.0,29882.0,40933.0
46714,316200,6640.0,16401.0,,,
46715,316201,,,26322.0,37733.0,42248.0
46716,316202,,,24408.0,33376.0,41532.0
46717,316300,7769.0,16832.0,26774.0,37221.0,42815.0
46718,316400,6393.0,14675.0,23122.0,32661.0,37946.0
46719,316500,7281.0,16475.0,24052.0,31456.0,40331.0
46720,317100,8546.0,20876.0,,,
46721,317101,,,32237.0,45671.0,54092.0
46722,317102,,,27080.0,37607.0,50246.0
46723,317103,,,30256.0,52465.0,55721.0
46724,317200,9067.0,23949.0,,,
46725,317201,,,36258.0,45373.0,57362.0
46726,317202,,,35935.0,50751.0,60281.0
46727,317203,,,27286.0,38434.0,50305.0
46728,317300,7535.0,20423.0,28403.0,,
46729,317301,,,,36483.0,47330.0
46730,317302,,,,37827.0,47349.0
46731,318100,8113.0,18422.0,34211.0,44967.0,51908.0
46732,318200,8126.0,19741.0,33021.0,43110.0,52498.0
46733,318300,9282.0,26089.0,43140.0,51586.0,62352.0
46734,318400,8011.0,22234.0,39120.0,56207.0,54922.0
46735,320100,8527.0,22497.0,,,
46736,320101,,,38941.0,,
46737,320102,,,46093.0,53602.0,71565.0
46738,320103,,,,53980.0,75677.0
46739,320104,,,,56520.0,64872.0
46740,321100,8564.0,21173.0,38330.0,38178.0,48057.0
46741,321200,8006.0,18028.0,25419.0,35537.0,39984.0
46742,321300,7071.0,16578.0,22466.0,30995.0,37006.0
46743,321400,6846.0,19133.0,32846.0,45989.0,46536.0
46744,321500,6828.0,15686.0,22819.0,36352.0,36753.0
46745,321600,8496.0,20974.0,32437.0,39387.0,43191.0
46746,322100,7622.0,20753.0,32058.0,37554.0,49297.0
46747,322200,7425.0,19629.0,26136.0,41259.0,50771.0
46748,322300,7837.0,17241.0,23909.0,32651.0,38792.0
46749,322400,0.0,16458.0,25073.0,32112.0,39663.0
46750,323100,9832.0,25244.0,38260.0,48635.0,60265.0
46751,324100,8333.0,19552.0,31070.0,,
46752,324101,,,,41433.0,53735.0
46753,324102,,,,47138.0,56826.0
46754,325100,6319.0,14586.0,26400.0,33431.0,46109.0
46755,326100,8166.0,22832.0,33877.0,,
46756,326101,,,,47576.0,54265.0
46757,326102,,,,48865.0,61387.0
46758,327100,6803.0,17374.0,,,
46759,327101,,,29481.0,36525.0,52992.0
46760,327102,,,21482.0,33953.0,40493.0
46761,327103,,,27336.0,41827.0,49455.0
46762,328100,7684.0,20059.0,30608.0,44213.0,56854.0
46763,330100,8314.0,19817.0,33031.0,44965.0,58544.0
46764,330200,7817.0,18218.0,28203.0,39516.0,54899.0
46765,331100,,,,,
46766,331101,7363.0,20301.0,31605.0,36871.0,48754.0
46767,331102,7143.0,17584.0,23870.0,36508.0,50292.0
46768,331200,6594.0,15498.0,23526.0,32720.0,48664.0
46769,331300,7190.0,17277.0,27026.0,40388.0,50006.0
46770,332100,8367.0,19450.0,30410.0,39971.0,55012.0
46771,332200,8606.0,21197.0,32248.0,39603.0,49559.0
46772,332300,8458.0,20315.0,30405.0,41190.0,48590.0
46773,332400,8006.0,20058.0,28173.0,42308.0,53867.0
46774,333100,8246.0,20875.0,32349.0,37935.0,49796.0
46775,333200,7882.0,18071.0,26220.0,33622.0,42153.0
46776,333300,6533.0,15495.0,22345.0,32811.0,41428.0
46777,333400,7731.0,17017.0,24185.0,31819.0,43010.0
46778,333500,7272.0,18533.0,,,
46779,333501,,,25837.0,34930.0,44211.0
46780,333502,,,22942.0,30644.0,41360.0
46781,333600,7459.0,17688.0,25510.0,33832.0,41870.0
46782,334100,9306.0,22246.0,35509.0,43609.0,57977.0
46783,334200,8782.0,20523.0,32992.0,50808.0,50643.0
46784,334300,8934.0,21660.0,32855.0,48833.0,55516.0
46785,334400,8246.0,19678.0,30725.0,42404.0,51437.0
46786,335100,8030.0,18725.0,32858.0,42543.0,50169.0
46787,335200,9461.0,21824.0,29541.0,40152.0,57174.0
46788,335300,7931.0,17559.0,30008.0,,
46789,335301,,,,36997.0,46313.0
46790,335302,,,,37791.0,54531.0
46791,335400,8000.0,18350.0,28906.0,41373.0,52592.0
46792,336100,8701.0,19720.0,30661.0,42084.0,54445.0
46793,336200,9118.0,25201.0,32826.0,47044.0,65103.0
46794,336300,7410.0,18181.0,29051.0,39582.0,53581.0
46795,336400,7844.0,18425.0,,,
46796,336401,,,28496.0,37099.0,56612.0
46797,336402,,,29994.0,39906.0,45076.0
46798,337100,7721.0,17981.0,,,
46799,337101,,,24308.0,35180.0,51044.0
46800,337102,,,28235.0,41571.0,53684.0
46801,337200,8914.0,19218.0,,,
46802,337201,,,31044.0,35232.0,51434.0
46803,337202,,,27891.0,39317.0,47686.0
46804,337300,7385.0,17053.0,26534.0,39319.0,51573.0
46805,338100,9585.0,23397.0,34347.0,63121.0,69939.0
46806,338200,8166.0,18637.0,29558.0,40833.0,55730.0
46807,338300,13313.0,34153.0,53962.0,69362.0,84822.0
46808,338400,13717.0,38752.0,66791.0,70185.0,98568.0
46809,338500,10690.0,32169.0,54383.0,72474.0,78870.0
46810,339100,8784.0,20911.0,28676.0,39287.0,58748.0
46811,339200,8121.0,20449.0,32434.0,40840.0,63723.0
46812,339300,7880.0,17345.0,24234.0,36879.0,44142.0
46813,339400,6878.0,15470.0,22167.0,27815.0,42465.0
46814,339500,6200.0,13712.0,21466.0,24433.0,51839.0
46815,339600,6486.0,15954.0,24015.0,33085.0,47826.0
46816,339700,6454.0,14940.0,20725.0,34221.0,38489.0
46817,339800,6052.0,17051.0,25886.0,,
46818,339801,,,,51507.0,49149.0
46819,339802,,,,30437.0,55590.0
46820,339900,7147.0,16243.0,21892.0,31094.0,46541.0
46821,340000,6796.0,15454.0,23020.0,29606.0,43452.0
46822,340100,7489.0,16106.0,22692.0,37011.0,43677.0
46823,341100,8425.0,17708.0,27690.0,,
46824,341101,,,,31614.0,41966.0
46825,341102,,,,32933.0,39143.0
46826,341200,6971.0,15086.0,20207.0,21449.0,33740.0
46827,341300,6794.0,15826.0,21088.0,26031.0,33937.0
46828,341400,6907.0,15182.0,21593.0,24385.0,24608.0
46829,341500,6011.0,14105.0,19244.0,23326.0,24966.0
46830,341600,7099.0,17346.0,22193.0,25475.0,40456.0
46831,341700,6782.0,15513.0,21537.0,32845.0,34404.0
46832,341800,6158.0,14423.0,18744.0,22635.0,23688.0
46833,341900,8328.0,16055.0,22718.0,,
46834,341901,,,,22327.0,39095.0
46835,341902,,,,29802.0,36924.0
46836,342100,6449.0,14115.0,20024.0,,
46837,342101,,,,24132.0,24018.0
46838,342102,,,,20809.0,30037.0
46839,342200,6905.0,14048.0,20970.0,,
46840,342201,,,,23865.0,33230.0
46841,342202,,,,23087.0,28325.0
46842,342300,6603.0,14732.0,20647.0,27272.0,27644.0
46843,342400,6376.0,13915.0,17988.0,24692.0,27750.0
46844,342500,6511.0,14255.0,19494.0,25037.0,30024.0
46845,342600,6460.0,14900.0,19139.0,22171.0,26166.0
46846,342700,4751.0,12193.0,,,
46847,350100,5991.0,14055.0,18041.0,,
46848,350103,,,,29143.0,57119.0
46849,350104,,,,23270.0,31646.0
46850,350200,6462.0,15160.0,23683.0,33616.0,42494.0
46851,350300,6205.0,13944.0,22237.0,35497.0,56730.0
46852,350400,6635.0,17249.0,27170.0,42833.0,60180.0
46853,350500,6995.0,17558.0,32726.0,47743.0,64646.0
46854,350600,5588.0,12541.0,17662.0,20792.0,32815.0
46855,350700,6428.0,15974.0,25076.0,27038.0,44456.0
46856,350800,6116.0,15498.0,28371.0,42570.0,78807.0
46857,350900,7573.0,19214.0,35628.0,53854.0,75984.0
46858,351000,6771.0,16997.0,27439.0,38410.0,60570.0
46859,351100,6707.0,17076.0,28560.0,36492.0,54332.0
46860,351200,6482.0,14169.0,24898.0,,
46861,351203,,,,40117.0,55795.0
46862,351204,,,,34099.0,53877.0
46863,351300,6290.0,14402.0,23400.0,38124.0,47206.0
46864,351400,5430.0,12423.0,16495.0,,
46865,351403,,,,26388.0,34745.0
46866,351404,,,,25375.0,36363.0
46867,351500,5971.0,13884.0,19166.0,24815.0,46037.0
46868,352100,5400.0,22432.0,37755.0,,
46869,352101,,,,52526.0,73322.0
46870,352102,,,,68196.0,73817.0
46871,352200,5755.0,16241.0,21560.0,35399.0,49228.0
46872,352300,6097.0,17785.0,25882.0,48941.0,78667.0
46873,352400,3561.0,7998.0,16518.0,27715.0,33843.0
46874,352500,5815.0,15204.0,20831.0,48179.0,57535.0
46875,352600,5755.0,15022.0,20626.0,32438.0,47819.0
46876,352700,4593.0,13458.0,16266.0,24471.0,37349.0
46877,352800,6269.0,12644.0,27651.0,37720.0,56709.0
46878,352900,9111.0,27961.0,40094.0,57624.0,76462.0
46879,353000,8072.0,21963.0,31713.0,47148.0,58413.0
46880,353100,5092.0,9923.0,15602.0,,
46881,353101,,,,31230.0,52553.0
46882,353102,,,,16085.0,16911.0
46883,353200,7088.0,16676.0,28863.0,41460.0,56326.0
46884,353300,6736.0,19153.0,34112.0,52400.0,69641.0
46885,353400,6062.0,13569.0,22500.0,37658.0,50276.0
46886,353500,6657.0,18428.0,30586.0,60484.0,58195.0
46887,353600,8909.0,20535.0,31024.0,42210.0,45211.0
46888,353700,7089.0,16258.0,23177.0,30402.0,40563.0
46889,353800,11252.0,26285.0,39307.0,56308.0,64783.0
46890,353900,4830.0,9181.0,15647.0,20352.0,31972.0
46891,354000,11577.0,27093.0,35216.0,71554.0,59115.0
46892,354100,16479.0,46575.0,72595.0,96108.0,88423.0
46893,354200,17154.0,48341.0,79384.0,142625.0,119577.0
46894,354300,7803.0,19396.0,32979.0,35689.0,69773.0
46895,354400,9368.0,23079.0,44568.0,64348.0,84112.0
46896,354500,13493.0,30102.0,62241.0,71123.0,94982.0
46897,354600,8376.0,19626.0,30668.0,45705.0,59757.0
46898,354700,8174.0,23414.0,45728.0,63420.0,75479.0
46899,354800,7601.0,22467.0,35869.0,50882.0,61334.0
46900,354900,5821.0,14216.0,21232.0,36518.0,48777.0
46901,355000,7407.0,18164.0,27169.0,49858.0,58910.0
46902,356100,7839.0,18520.0,33768.0,46919.0,62741.0
46903,356200,8382.0,20892.0,30087.0,,
46904,356300,7877.0,17368.0,29408.0,42081.0,52575.0
46905,356400,9411.0,23427.0,34639.0,55768.0,59154.0
46906,356500,8242.0,19029.0,34121.0,45547.0,53492.0
46907,356600,9197.0,23157.0,,,
46908,356601,,,37737.0,54579.0,58014.0
46909,356602,,,36019.0,49204.0,70636.0
46910,356700,10225.0,24288.0,38085.0,,
46911,356701,,,,47429.0,57938.0
46912,356702,,,,50275.0,62608.0
46913,357100,12723.0,30752.0,41599.0,51833.0,66487.0
46914,357200,11250.0,32278.0,39727.0,69462.0,79661.0
46915,357300,9877.0,22304.0,37925.0,48312.0,66557.0
46916,357400,10291.0,26757.0,50283.0,59772.0,78176.0
46917,357500,9496.0,24199.0,43380.0,40251.0,60115.0
46918,357600,7924.0,19613.0,31714.0,46143.0,47254.0
46919,357700,8317.0,18804.0,31007.0,55471.0,61906.0
46920,357800,16280.0,35029.0,60589.0,73895.0,78050.0
46921,358100,12891.0,28284.0,46609.0,70404.0,85061.0
46922,358200,0.0,45119.0,,,
46923,358300,11582.0,33727.0,44263.0,66467.0,81358.0
46924,358400,11884.0,31921.0,49841.0,79724.0,81177.0
46925,358500,11014.0,27993.0,42447.0,71401.0,81385.0
46926,358600,11319.0,26900.0,38819.0,60780.0,78341.0
46927,358700,13836.0,36696.0,56407.0,74716.0,88355.0
46928,359100,10167.0,26053.0,40705.0,49289.0,60624.0
46929,359200,3141.0,18978.0,,,
46930,359300,9154.0,23485.0,38009.0,49028.0,64747.0
46931,360100,5159.0,10957.0,16580.0,21837.0,30974.0
46932,360200,17149.0,52067.0,67423.0,67303.0,93281.0
46933,361100,12328.0,27823.0,58049.0,75328.0,81764.0
46934,361200,11013.0,30925.0,40452.0,50256.0,56482.0
46935,361300,13109.0,36259.0,55549.0,82753.0,81234.0
46936,362100,12785.0,36387.0,59559.0,75856.0,91161.0
46937,363100,,,,,
46938,363101,10470.0,27014.0,43526.0,,
46939,363102,11819.0,25105.0,45754.0,59691.0,54947.0
46940,363103,,,,46074.0,75393.0
46941,363104,,,,51181.0,66677.0
46942,363200,,,,,
46943,363201,9863.0,25286.0,36969.0,54401.0,62689.0
46944,363202,9934.0,24163.0,36757.0,50259.0,63809.0
46945,364100,7614.0,19202.0,,,
46946,364101,,,26097.0,38583.0,51209.0
46947,364102,,,28034.0,39555.0,50661.0
46948,365100,12191.0,36564.0,56715.0,73942.0,80757.0
46949,365200,,,,,
46950,365201,12309.0,31940.0,49346.0,58798.0,83689.0
46951,365202,11499.0,30387.0,52457.0,65943.0,70656.0
46952,366100,9549.0,23859.0,35165.0,45136.0,68023.0
46953,366200,15301.0,41376.0,63229.0,,
46954,366201,,,,82289.0,100697.0
46955,366202,,,,74018.0,84658.0
46956,367100,16718.0,38858.0,81128.0,87640.0,105032.0
46957,367200,18422.0,51118.0,78830.0,103025.0,90325.0
46958,368100,9254.0,,,,
46959,368101,,22169.0,29098.0,48825.0,56091.0
46960,368102,,18713.0,26164.0,42420.0,53325.0
46961,368200,7086.0,16630.0,34188.0,44756.0,56222.0
46962,368300,7633.0,17648.0,27465.0,34527.0,50378.0
46963,368400,6743.0,14222.0,20474.0,24464.0,34672.0
46964,368500,7765.0,14799.0,25346.0,33011.0,44353.0
46965,368600,7179.0,16072.0,26541.0,38353.0,46688.0
46966,368700,6582.0,15310.0,21580.0,30120.0,40591.0
46967,368800,7113.0,15594.0,24326.0,33362.0,47606.0
46968,368900,8415.0,,,,
46969,368901,,15152.0,26872.0,29385.0,36882.0
46970,368902,,19651.0,29685.0,29093.0,33226.0
46971,369000,4301.0,12098.0,29666.0,36831.0,42134.0
46972,369100,8369.0,18287.0,27777.0,41158.0,49786.0
46973,370100,7886.0,,,,
46974,370101,,18831.0,28050.0,36859.0,53271.0
46975,370102,,18889.0,29099.0,41161.0,57858.0
46976,370200,9303.0,23050.0,39916.0,,
46977,370201,,,,48319.0,76000.0
46978,370202,,,,51416.0,58299.0
46979,370300,7153.0,19857.0,32718.0,40101.0,43810.0
46980,370400,8084.0,20618.0,35871.0,46704.0,54742.0
46981,373100,9176.0,21619.0,40745.0,47408.0,61435.0
46982,373200,7579.0,18707.0,29797.0,39374.0,47532.0
46983,373300,9524.0,22492.0,40242.0,55413.0,54102.0
46984,373400,10069.0,25976.0,45763.0,51677.0,65469.0
46985,373500,14769.0,31308.0,57375.0,76983.0,93196.0
46986,373600,11209.0,22932.0,37598.0,38047.0,41440.0
46987,373700,12949.0,36989.0,55425.0,85747.0,110925.0
46988,373800,11239.0,27160.0,41417.0,63049.0,89368.0
46989,373900,17041.0,41116.0,54915.0,75804.0,97041.0
46990,374000,11876.0,29002.0,43744.0,57151.0,66156.0
46991,374100,8319.0,21684.0,38043.0,42712.0,56819.0
46992,374200,11458.0,28179.0,52175.0,68959.0,82198.0
46993,374300,16088.0,46125.0,67476.0,92235.0,101311.0
46994,374400,16521.0,47353.0,64656.0,101775.0,117007.0
46995,374500,9399.0,23957.0,38548.0,51251.0,65260.0
46996,374600,8490.0,20631.0,32904.0,49170.0,57013.0
46997,374700,9284.0,26082.0,37154.0,48765.0,57994.0
46998,374800,10264.0,23410.0,41251.0,56980.0,52273.0
46999,382100,9519.0,22196.0,40059.0,48407.0,51346.0
47000,382200,8898.0,21274.0,32481.0,45625.0,53653.0
47001,382300,9406.0,26733.0,46895.0,63241.0,79168.0
47002,382400,7451.0,18419.0,34368.0,46789.0,63492.0
47003,382500,8146.0,19144.0,29087.0,45006.0,56162.0
47004,382600,9877.0,23244.0,34444.0,,
47005,382601,,,,49287.0,58520.0
47006,382602,,,,46963.0,61395.0
47007,383100,6425.0,11868.0,12452.0,,
47008,383101,,,,17569.0,21806.0
47009,383102,,,,14950.0,17811.0
47010,383200,6966.0,14908.0,18331.0,27029.0,31616.0
47011,383300,7945.0,15936.0,24913.0,28513.0,46623.0
47012,383400,7922.0,16974.0,22032.0,30847.0,31051.0
47013,383500,7740.0,17887.0,,,
47014,383501,,,23993.0,33763.0,36168.0
47015,383502,,,22372.0,25612.0,32603.0
47016,383600,10102.0,22809.0,29767.0,33555.0,50970.0
47017,383700,9383.0,21345.0,27723.0,35810.0,47981.0
47018,383800,9293.0,21619.0,30221.0,41910.0,60463.0
47019,383900,,,,,
47020,383901,10048.0,24660.0,35965.0,39105.0,48502.0
47021,383902,10623.0,26895.0,42790.0,50892.0,63840.0
47022,384000,13281.0,28663.0,43824.0,,
47023,384001,,,,44028.0,52407.0
47024,384002,,,,48146.0,52945.0
47025,385100,9065.0,20432.0,31259.0,50749.0,59908.0
47026,385200,8572.0,22755.0,31870.0,,
47027,385201,,,,33853.0,49273.0
47028,385202,,,,44503.0,54302.0
47029,386100,13474.0,41614.0,58055.0,75030.0,79596.0
47030,387100,8316.0,22620.0,34760.0,47465.0,60149.0
47031,387200,8535.0,,,,
47032,387201,,20487.0,29632.0,41943.0,52793.0
47033,387202,,20615.0,32673.0,48446.0,71322.0
47034,388100,10894.0,24363.0,40794.0,58217.0,59544.0
47035,388200,,,,24653.0,35543.0
47036,388298,,0.0,,,
47037,388300,,,,12924.0,13163.0
47038,980000,,,,,
47039,0,,,0.0,,
47040,950100,,21193.0,32171.0,74204.0,74986.0
47041,950200,,21125.0,28294.0,36790.0,44835.0
47042,950300,,20342.0,30470.0,,
47043,950307,,,,65893.0,72411.0
47044,950400,,20309.0,29040.0,44128.0,53526.0
47045,950500,,,43375.0,55105.0,74021.0
47046,990000,,,,,
47047,400100,12458.0,28927.0,49705.0,59183.0,71168.0
47048,400200,9542.0,26830.0,39833.0,56497.0,56582.0
47049,400300,9566.0,22704.0,40131.0,62825.0,63309.0
47050,400400,9786.0,23772.0,42621.0,59228.0,80646.0
47051,400500,11591.0,29172.0,43251.0,58924.0,69346.0
47052,400600,13017.0,32505.0,56185.0,74228.0,87175.0
47053,400700,9955.0,24602.0,40418.0,60304.0,70049.0
47054,400800,9919.0,21591.0,37529.0,56558.0,50872.0
47055,400900,8961.0,22128.0,33237.0,53447.0,53538.0
47056,401000,8602.0,24076.0,35629.0,58280.0,62868.0
47057,401100,17330.0,44700.0,68459.0,102836.0,118763.0
47058,401200,15438.0,42290.0,46070.0,66152.0,77170.0
47059,402100,7531.0,16542.0,,,
47060,402101,,,27331.0,39036.0,57894.0
47061,402102,,,24814.0,34056.0,42344.0
47062,402200,7379.0,16249.0,23877.0,36991.0,48016.0
47063,402300,7716.0,19846.0,26289.0,38635.0,49104.0
47064,402400,8121.0,17633.0,26771.0,38865.0,49254.0
47065,402500,13795.0,29009.0,39854.0,60943.0,73070.0
47066,403100,11127.0,26096.0,50934.0,52484.0,82892.0
47067,403200,11464.0,24639.0,41764.0,,
47068,403300,15469.0,36252.0,52894.0,75045.0,95657.0
47069,403400,11063.0,29298.0,42407.0,67746.0,76985.0
47070,403500,10039.0,24110.0,36125.0,52150.0,76100.0
47071,404100,10441.0,31142.0,49107.0,65280.0,87624.0
47072,404200,14198.0,,,,
47073,404201,,43042.0,83151.0,107620.0,114417.0
47074,404202,,28895.0,45908.0,67455.0,63207.0
47075,404300,12130.0,31322.0,,,
47076,404301,,,54885.0,89089.0,107935.0
47077,404302,,,45352.0,56901.0,87883.0
47078,404400,10959.0,25696.0,44471.0,51831.0,65900.0
47079,405100,15604.0,40288.0,64899.0,84070.0,125777.0
47080,406100,,,,,
47081,406101,9260.0,25242.0,42192.0,60670.0,66425.0
47082,406102,10187.0,26868.0,43529.0,51817.0,70255.0
47083,407100,8118.0,20241.0,27957.0,40340.0,46641.0
47084,408100,7436.0,,,,
47085,408101,,19739.0,28557.0,44954.0,61785.0
47086,408102,,17858.0,26054.0,42104.0,47846.0
47087,409100,7368.0,18996.0,,,
47088,409101,,,23946.0,34480.0,38183.0
47089,409102,,,42737.0,53818.0,60500.0
47090,410100,8323.0,18887.0,33792.0,49673.0,53973.0
47091,410200,0.0,8625.0,,,
47092,410300,7171.0,16964.0,31965.0,45837.0,53028.0
47093,410400,8666.0,19087.0,30992.0,34641.0,44279.0
47094,411100,8740.0,18017.0,27529.0,40972.0,48783.0
47095,411200,8359.0,19297.0,31096.0,33555.0,51635.0
47096,411300,7629.0,23022.0,36294.0,,
47097,411301,,,,55931.0,62640.0
47098,411302,,,,39195.0,45082.0
47099,412100,10795.0,24993.0,40393.0,54953.0,68845.0
47100,412200,11776.0,35457.0,50906.0,86994.0,83837.0
47101,412300,10636.0,22750.0,35941.0,50194.0,65625.0
47102,413100,8180.0,17033.0,26307.0,37158.0,51300.0
47103,413200,7609.0,15500.0,24985.0,35467.0,36442.0
47104,413300,8533.0,20231.0,27274.0,37645.0,48284.0
47105,413400,9258.0,20290.0,31057.0,,
47106,413401,,,,36607.0,49535.0
47107,413402,,,,38093.0,47987.0
47108,413500,7907.0,17541.0,27769.0,36138.0,41997.0
47109,414100,9426.0,22795.0,41428.0,51990.0,63607.0
47110,414200,11404.0,27503.0,48129.0,62542.0,73810.0
47111,414300,9926.0,20749.0,31043.0,44798.0,60851.0
47112,415100,8355.0,,,,
47113,415101,,21760.0,33151.0,42077.0,61702.0
47114,415102,,18858.0,30249.0,39211.0,45360.0
47115,415200,8867.0,24286.0,33684.0,46245.0,54421.0
47116,415300,10187.0,26185.0,40034.0,59454.0,59475.0
47117,416100,10463.0,24912.0,39951.0,,
47118,416101,,,,62064.0,63480.0
47119,416102,,,,31023.0,50855.0
47120,416200,9367.0,19469.0,32888.0,38745.0,48455.0
47121,416300,10013.0,25410.0,41682.0,47861.0,65892.0
47122,416400,8753.0,20141.0,34276.0,49537.0,55493.0
47123,417100,8599.0,20287.0,28411.0,34056.0,47982.0
47124,417200,8322.0,18440.0,23019.0,27729.0,40029.0
47125,417300,4116.0,33946.0,57603.0,58734.0,67489.0
47126,417400,8553.0,19309.0,30577.0,43933.0,55747.0
47127,417500,7745.0,,,,
47128,417501,,16835.0,23353.0,29509.0,43773.0
47129,417502,,16298.0,24821.0,33616.0,44306.0
47130,417600,7232.0,16230.0,,,
47131,417601,,,23525.0,30780.0,33517.0
47132,417602,,,25282.0,29400.0,40215.0
47133,417700,8556.0,18911.0,24718.0,,
47134,417701,,,,35991.0,48329.0
47135,417702,,,,36733.0,41679.0
47136,417800,5871.0,,,,
47137,417801,,16565.0,25751.0,39053.0,50156.0
47138,417802,,10225.0,15399.0,17217.0,22032.0
47139,417900,6863.0,,,,
47140,417901,,16760.0,22335.0,28844.0,35380.0
47141,417902,,16096.0,22143.0,28095.0,31916.0
47142,418000,7688.0,,,,
47143,418001,,14614.0,26919.0,,
47144,418002,,17156.0,28759.0,34875.0,39964.0
47145,418003,,,,45771.0,48141.0
47146,418004,,,,24030.0,30009.0
47147,418100,8710.0,18341.0,31002.0,,
47148,418101,,,,34368.0,45663.0
47149,418102,,,,37437.0,45934.0
47150,418200,8177.0,17675.0,25098.0,34284.0,40941.0
47151,419100,9254.0,21615.0,32789.0,35885.0,43906.0
47152,419200,7475.0,17402.0,25680.0,33428.0,45781.0
47153,419300,7437.0,16342.0,21415.0,27163.0,34683.0
47154,419400,7095.0,15830.0,22975.0,33726.0,43168.0
47155,419500,7855.0,20343.0,34488.0,41273.0,47232.0
47156,419600,8416.0,21301.0,35251.0,41173.0,50011.0
47157,419700,7986.0,18480.0,25910.0,38520.0,51552.0
47158,419800,7691.0,16254.0,27320.0,35856.0,37997.0
47159,420100,7591.0,15946.0,22470.0,29853.0,31985.0
47160,420200,8396.0,18992.0,,,
47161,420201,,,22599.0,25674.0,36159.0
47162,420202,,,25214.0,29235.0,37452.0
47163,420300,7441.0,,,,
47164,420301,,16469.0,21155.0,30389.0,32901.0
47165,420302,,16975.0,25398.0,26224.0,33894.0
47166,421100,6220.0,15178.0,21358.0,25479.0,34211.0
47167,421200,7285.0,15746.0,25275.0,36621.0,39209.0
47168,422100,7598.0,18885.0,26008.0,35050.0,45101.0
47169,422200,7340.0,18794.0,25069.0,35923.0,46232.0
47170,422300,8584.0,,,,
47171,422301,,17536.0,25899.0,36407.0,45617.0
47172,422302,,23249.0,27263.0,43347.0,41794.0
47173,422400,6787.0,15945.0,22056.0,38249.0,41538.0
47174,422500,7273.0,,,,
47175,422501,,18976.0,24143.0,33085.0,41088.0
47176,422502,,16128.0,19853.0,29542.0,39605.0
47177,422600,7698.0,18384.0,25794.0,35047.0,40775.0
47178,422700,7145.0,15842.0,24839.0,33404.0,39195.0
47179,422800,8080.0,19992.0,30711.0,36134.0,47569.0
47180,423100,12745.0,31166.0,42909.0,61408.0,82112.0
47181,440100,7713.0,16238.0,25816.0,38704.0,44915.0
47182,441100,1490.0,2679.0,,,
47183,441200,7378.0,16626.0,,,
47184,441201,,,29731.0,,
47185,441202,,,34405.0,54505.0,57462.0
47186,441203,,,,42907.0,54672.0
47187,441204,,,,43436.0,52713.0
47188,442100,6919.0,,,,
47189,442101,,16329.0,25018.0,31951.0,44836.0
47190,442102,,20140.0,28373.0,41794.0,54138.0
47191,442103,,20413.0,30258.0,44768.0,63656.0
47192,442200,6662.0,17066.0,27553.0,,
47193,442201,,,,47080.0,66605.0
47194,442202,,,,38205.0,44842.0
47195,443100,6684.0,,,,
47196,443101,,15262.0,25062.0,36306.0,45023.0
47197,443102,,,25033.0,34871.0,46092.0
47198,443198,,16486.0,,,
47199,456100,,,,,
47200,456101,6936.0,17835.0,24038.0,36756.0,39970.0
47201,456102,7374.0,16418.0,24373.0,33078.0,34904.0
47202,456200,7038.0,16481.0,25948.0,33890.0,39104.0
47203,456300,8446.0,19032.0,24510.0,,
47204,456301,,,,23685.0,31363.0
47205,456302,,,,33533.0,38275.0
47206,456400,,,,,
47207,456401,6490.0,15577.0,24224.0,30251.0,37235.0
47208,456402,7230.0,16899.0,29203.0,38578.0,43911.0
47209,457100,6898.0,16176.0,24410.0,32346.0,33545.0
47210,457200,,,,59824.0,68432.0
47211,457298,,0.0,,,
47212,762195,,6533.0,,,
47213,0,,,0.0,,
47214,500100,,,,,
47215,500101,6623.0,17879.0,26670.0,43415.0,57434.0
47216,500102,6036.0,16332.0,26119.0,,
47217,500103,,,,52887.0,58026.0
47218,500104,,,,37790.0,46133.0
47219,501100,,,,,
47220,501101,10287.0,28261.0,47322.0,58584.0,100313.0
47221,501102,9172.0,22989.0,38691.0,60113.0,82853.0
47222,501200,10359.0,,,,
47223,501201,,26690.0,44190.0,62144.0,61734.0
47224,501202,,27010.0,40956.0,55404.0,71877.0
47225,502100,5801.0,,,,
47226,502101,,14202.0,22690.0,28590.0,33631.0
47227,502102,,15674.0,23167.0,29307.0,41566.0
47228,502200,6130.0,15548.0,23372.0,32374.0,39038.0
47229,503100,7568.0,,,,
47230,503101,,17697.0,31443.0,41230.0,57937.0
47231,503102,,17870.0,29060.0,39438.0,50801.0
47232,504100,9597.0,,,,
47233,504101,,20934.0,31539.0,45323.0,56998.0
47234,504102,,27344.0,43387.0,52408.0,68040.0
47235,505100,,,,,
47236,505101,8955.0,22857.0,35691.0,51103.0,67428.0
47237,505102,9698.0,24162.0,35254.0,49084.0,64915.0
47238,505200,8891.0,19927.0,30993.0,44115.0,67264.0
47239,506100,,,,,
47240,506101,8697.0,23054.0,31065.0,41836.0,56864.0
47241,506102,9107.0,19905.0,33127.0,46787.0,55418.0
47242,506200,,,,,
47243,506201,6785.0,0.0,,,
47244,506202,8726.0,19751.0,25149.0,46829.0,48125.0
47245,506203,,16943.0,27559.0,39643.0,38573.0
47246,506204,,16755.0,24230.0,40971.0,38645.0
47247,507100,10102.0,,,,
47248,507101,,21247.0,37171.0,48377.0,50534.0
47249,507102,,26679.0,,,
47250,507103,,,42301.0,83339.0,81619.0
47251,507104,,,41889.0,48834.0,57557.0
47252,508100,,,,,
47253,508101,6980.0,17913.0,31478.0,39235.0,47310.0
47254,508102,6146.0,14910.0,21740.0,36934.0,40800.0
47255,508200,6624.0,16639.0,26943.0,34217.0,43467.0
47256,509100,6815.0,16647.0,23370.0,,
47257,509101,,,,37890.0,42539.0
47258,509102,,,,38401.0,42258.0
47259,510100,6279.0,14719.0,20324.0,28598.0,37953.0
47260,510200,6034.0,14090.0,19456.0,23735.0,30811.0
47261,510300,5116.0,10540.0,14545.0,15302.0,19336.0
47262,510400,4754.0,8486.0,13476.0,17151.0,24006.0
47263,510500,,,,,
47264,510501,6405.0,14433.0,16258.0,23714.0,27415.0
47265,510502,6566.0,14035.0,17034.0,23506.0,23710.0
47266,510503,6537.0,15293.0,19188.0,28736.0,23406.0
47267,510600,8600.0,21326.0,23638.0,32814.0,45071.0
47268,510700,7841.0,19058.0,21225.0,23306.0,28021.0
47269,510800,5347.0,11794.0,13097.0,15192.0,22052.0
47270,510900,4121.0,7703.0,8449.0,9481.0,14116.0
47271,511000,4890.0,9625.0,11600.0,20504.0,22257.0
47272,511100,5944.0,14474.0,19496.0,25134.0,37101.0
47273,511200,5571.0,11154.0,15723.0,18648.0,26747.0
47274,511300,,,,,
47275,511301,5728.0,12881.0,17053.0,20981.0,30254.0
47276,511302,5676.0,13110.0,17119.0,22539.0,29233.0
47277,511400,5333.0,9644.0,12436.0,17990.0,19333.0
47278,511500,5631.0,11254.0,12858.0,18898.0,21007.0
47279,511600,6063.0,13238.0,17398.0,20397.0,27625.0
47280,511700,,,,,
47281,511701,7593.0,17075.0,22766.0,28565.0,33238.0
47282,511702,7407.0,14906.0,23894.0,25632.0,34543.0
47283,520100,6759.0,16663.0,22486.0,30523.0,41555.0
47284,520200,,,,,
47285,520201,7224.0,16652.0,25387.0,28540.0,38330.0
47286,520202,6573.0,15692.0,22853.0,37058.0,45375.0
47287,521100,,,,,
47288,521101,6658.0,14694.0,25207.0,31924.0,37636.0
47289,521102,6394.0,13995.0,23104.0,31483.0,30764.0
47290,521200,,,,,
47291,521201,6237.0,13437.0,20916.0,30949.0,36492.0
47292,521202,6329.0,14490.0,22214.0,32731.0,43655.0
47293,522100,,,,,
47294,522101,6107.0,14482.0,22167.0,32685.0,37809.0
47295,522102,7066.0,16864.0,25033.0,32413.0,41988.0
47296,523100,6754.0,15491.0,23430.0,31822.0,35086.0
47297,523200,,,,,
47298,523201,6457.0,14799.0,23685.0,36303.0,35881.0
47299,523202,6219.0,14982.0,23513.0,30983.0,37051.0
47300,524100,,,,,
47301,524101,7067.0,15309.0,23991.0,36785.0,40151.0
47302,524102,7206.0,16852.0,23484.0,31080.0,38721.0
47303,525100,,,,,
47304,525101,7494.0,12376.0,25351.0,36064.0,38427.0
47305,525102,6364.0,16955.0,25552.0,,
47306,525104,,,,35920.0,44002.0
47307,525200,5807.0,17328.0,23333.0,,
47308,525203,,,,34336.0,33188.0
47309,525204,,,,32358.0,43555.0
47310,525300,2519.0,5330.0,8400.0,1472.0,6201.0
47311,526100,6372.0,15233.0,23738.0,34617.0,39556.0
47312,530100,6203.0,15254.0,24648.0,33039.0,34908.0
47313,530200,6654.0,14615.0,17508.0,28243.0,28766.0
47314,530300,7047.0,16629.0,22920.0,39931.0,40173.0
47315,530400,6761.0,16651.0,25983.0,35309.0,46187.0
47316,530500,7243.0,14682.0,22926.0,33642.0,50841.0
47317,530600,6752.0,17237.0,23691.0,26621.0,40957.0
47318,530700,8012.0,22167.0,29287.0,47517.0,73080.0
47319,530800,6045.0,14412.0,23613.0,,
47320,530801,,,,36792.0,46760.0
47321,530802,,,,37610.0,47645.0
47322,530900,7099.0,15186.0,23741.0,,
47323,530901,,,,29805.0,42569.0
47324,530902,,,,40529.0,49069.0
47325,540100,6603.0,16189.0,26046.0,,
47326,540101,,,,35025.0,44248.0
47327,540102,,,,33335.0,41335.0
47328,540103,,,,38509.0,50333.0
47329,541100,6795.0,15807.0,24630.0,36787.0,47918.0
47330,542100,6045.0,15478.0,20627.0,,
47331,542101,,,,35021.0,40034.0
47332,542102,,,,30459.0,40449.0
47333,542200,5521.0,14372.0,21554.0,34306.0,53017.0
47334,542300,5620.0,12668.0,18920.0,25340.0,32761.0
47335,543100,6736.0,17150.0,24344.0,39406.0,41527.0
47336,544100,6021.0,14086.0,21279.0,30072.0,35464.0
47337,544200,5928.0,14158.0,19596.0,29327.0,35270.0
47338,545100,5545.0,13172.0,21213.0,30062.0,41713.0
47339,545200,5605.0,12112.0,20243.0,25647.0,30354.0
47340,545300,5766.0,13191.0,21295.0,28104.0,38136.0
47341,545400,6781.0,15356.0,22571.0,28852.0,31353.0
47342,560100,7975.0,19955.0,28050.0,38620.0,63331.0
47343,561100,9371.0,21876.0,37265.0,46082.0,53105.0
47344,561200,,,,9473.0,8613.0
47345,990003,,,,,
47346,0,,,0.0,,
47347,100,6817.0,16585.0,21999.0,27564.0,38233.0
47348,200,,,,,
47349,201,7182.0,16754.0,27675.0,38128.0,44103.0
47350,202,6413.0,16415.0,23602.0,29292.0,38785.0
47351,300,8160.0,18413.0,,,
47352,301,,,24920.0,41955.0,51886.0
47353,302,,,35207.0,35219.0,53178.0
47354,400,7041.0,,,,
47355,401,,14271.0,22609.0,26723.0,41608.0
47356,402,,15647.0,25772.0,29131.0,41693.0
47357,500,6871.0,,,,
47358,501,,18056.0,25920.0,,
47359,502,,16883.0,29373.0,21055.0,30481.0
47360,503,,,,37921.0,51960.0
47361,504,,,,30471.0,39612.0
47362,600,,,,,
47363,601,6882.0,19109.0,22238.0,32931.0,43747.0
47364,602,5262.0,11644.0,14239.0,21267.0,33575.0
47365,700,,,,,
47366,701,7152.0,12850.0,24376.0,32162.0,43078.0
47367,702,6154.0,12960.0,17504.0,,
47368,703,,,,17486.0,29306.0
47369,704,,,,31332.0,38646.0
47370,800,5530.0,,,,
47371,801,,20232.0,12323.0,,
47372,802,,13664.0,14981.0,23288.0,40709.0
47373,803,,,,10583.0,24706.0
47374,10100,,,,,
47375,10101,6726.0,15654.0,26816.0,,
47376,10102,2634.0,5558.0,7923.0,,
47377,10103,,,,7287.0,14054.0
47378,10104,,,,28483.0,39594.0
47379,10200,5787.0,13195.0,,,
47380,10201,,,22616.0,,
47381,10202,,,15475.0,,
47382,10203,,,,30015.0,48324.0
47383,10204,,,,19360.0,23562.0
47384,10300,3103.0,5704.0,7611.0,6369.0,7975.0
47385,10400,5004.0,,,,
47386,10401,,13917.0,16665.0,,
47387,10402,,7045.0,10825.0,,
47388,10403,,,,34006.0,45171.0
47389,10404,,,,9913.0,15174.0
47390,10405,,,,7805.0,9619.0
47391,10408,,,,42079.0,45572.0
47392,10500,8336.0,21916.0,35294.0,39689.0,41050.0
47393,10600,18763.0,37637.0,70329.0,120643.0,126401.0
47394,10700,12267.0,46490.0,85046.0,,
47395,10701,,,,78583.0,120402.0
47396,10702,,,,107804.0,146514.0
47397,10800,17425.0,43152.0,68860.0,,
47398,10801,,,,121360.0,114254.0
47399,10802,,,,77358.0,129665.0
47400,20100,17119.0,50950.0,89845.0,,
47401,20101,,,,86031.0,115510.0
47402,20200,9457.0,26372.0,50755.0,55380.0,77970.0
47403,20300,14035.0,35164.0,46316.0,,
47404,20301,,,,64184.0,75255.0
47405,20302,,,,62754.0,101694.0
47406,20303,,,,72072.0,77930.0
47407,30100,7194.0,23225.0,42538.0,42522.0,72647.0
47408,30200,6460.0,16792.0,33568.0,58987.0,74692.0
47409,30300,20023.0,43579.0,71340.0,80118.0,117657.0
47410,30400,7947.0,23003.0,42969.0,56222.0,86457.0
47411,30500,8293.0,22533.0,61773.0,89861.0,118182.0
47412,30599,8331.0,16132.0,,,
47413,40100,10503.0,32223.0,52764.0,84192.0,94733.0
47414,40200,5726.0,11364.0,26091.0,32406.0,50833.0
47415,40300,6987.0,18252.0,40249.0,60723.0,76141.0
47416,40400,6094.0,17356.0,31711.0,,
47417,40401,,,,47811.0,70926.0
47418,40500,6659.0,19207.0,,,
47419,40600,7680.0,14792.0,40520.0,62083.0,80308.0
47420,40700,6699.0,24705.0,,,
47421,40800,3227.0,27538.0,39612.0,,
47422,40801,,,,48652.0,73879.0
47423,40899,,15353.0,,,
47424,50100,4753.0,10549.0,14189.0,,
47425,50101,,,,16884.0,28384.0
47426,50200,5389.0,10432.0,12695.0,21620.0,26929.0
47427,50300,3545.0,7076.0,7603.0,13535.0,30173.0
47428,50400,5838.0,10786.0,13473.0,35374.0,39287.0
47429,50500,5704.0,11820.0,14555.0,21965.0,27299.0
47430,50600,5587.0,10328.0,18954.0,22235.0,36100.0
47431,50700,5149.0,10882.0,13175.0,22819.0,26480.0
47432,50800,5369.0,11423.0,,,
47433,50900,5165.0,12521.0,13541.0,,
47434,50901,,,,22441.0,30499.0
47435,51000,5802.0,12296.0,19522.0,24987.0,35697.0
47436,51100,7250.0,15798.0,18873.0,,
47437,51101,,,,26759.0,28969.0
47438,51200,6048.0,12902.0,17585.0,28740.0,43536.0
47439,60100,7713.0,19843.0,28476.0,,
47440,60101,,,,45459.0,69516.0
47441,60200,7881.0,17204.0,33494.0,47559.0,69694.0
47442,60300,6275.0,17221.0,27704.0,,
47443,60301,,,,54095.0,73104.0
47444,60400,6241.0,15865.0,28335.0,52376.0,63903.0
47445,60500,5480.0,15111.0,28516.0,,
47446,60501,,,,57244.0,78877.0
47447,60599,,44480.0,,,
47448,60600,4504.0,20491.0,32992.0,70686.0,135694.0
47449,60699,9036.0,15039.0,,,
47450,60700,2382.0,5877.0,7394.0,10089.0,10927.0
47451,60800,5648.0,13679.0,24881.0,48861.0,74508.0
47452,60900,5720.0,15540.0,,,
47453,61000,4199.0,8915.0,12920.0,15772.0,35326.0
47454,61100,3802.0,7795.0,9773.0,,
47455,61101,,,,9397.0,15778.0
47456,61200,5653.0,13465.0,23886.0,65274.0,104587.0
47457,61300,6092.0,13551.0,,,
47458,61400,7919.0,18813.0,,,
47459,70100,10305.0,20280.0,19321.0,,
47460,70101,,,,90746.0,87404.0
47461,70200,4580.0,7987.0,10462.0,17037.0,31271.0
47462,70300,10909.0,34788.0,67391.0,92296.0,113453.0
47463,70400,3720.0,6066.0,9007.0,,
47464,70402,,,,11554.0,44285.0
47465,70500,6825.0,16568.0,38271.0,55021.0,84793.0
47466,70600,10938.0,34050.0,69961.0,90605.0,124910.0
47467,70700,8834.0,24880.0,45062.0,69840.0,115382.0
47468,70800,7842.0,23115.0,39351.0,51026.0,84305.0
47469,70900,6393.0,17238.0,30209.0,54185.0,74524.0
47470,71000,8264.0,18735.0,,,
47471,71100,3153.0,11947.0,28368.0,,
47472,71101,,,,41838.0,60998.0
47473,71200,3555.0,6846.0,20229.0,,
47474,71201,,,,41731.0,55106.0
47475,80100,4209.0,8137.0,10375.0,12954.0,15263.0
47476,80200,4616.0,8420.0,,,
47477,80300,3608.0,6142.0,13611.0,19262.0,23166.0
47478,80400,4350.0,5110.0,16626.0,,
47479,80401,,,,14938.0,21158.0
47480,80500,4229.0,6923.0,9912.0,14062.0,16201.0
47481,80600,2735.0,5520.0,12927.0,,
47482,80601,,,,10518.0,9910.0
47483,80700,5767.0,7501.0,,,
47484,80800,3506.0,6492.0,16867.0,,
47485,80801,,,,8678.0,11256.0
47486,80900,6801.0,13745.0,19010.0,22257.0,33656.0
47487,81000,5474.0,10690.0,15295.0,,
47488,81001,,,,22168.0,19720.0
47489,81100,5226.0,12977.0,17544.0,25529.0,32940.0
47490,81200,3146.0,8468.0,8737.0,14858.0,23296.0
47491,81300,3688.0,7091.0,11346.0,15153.0,20967.0
47492,81400,5126.0,13643.0,19581.0,34347.0,35189.0
47493,81500,4443.0,10429.0,16235.0,17548.0,20415.0
47494,81600,4908.0,11866.0,,,
47495,81700,4817.0,9594.0,15382.0,17028.0,23961.0
47496,81800,4631.0,11792.0,14216.0,18542.0,20386.0
47497,81900,5295.0,12197.0,16081.0,19784.0,21678.0
47498,82000,4883.0,10508.0,14991.0,25408.0,24107.0
47499,82100,4317.0,8598.0,10978.0,17286.0,22526.0
47500,90100,4254.0,11469.0,13667.0,17977.0,21944.0
47501,90200,3790.0,8281.0,11930.0,14003.0,13739.0
47502,90300,3893.0,9521.0,10656.0,15207.0,16828.0
47503,90400,5153.0,8917.0,10150.0,14585.0,22053.0
47504,90500,4070.0,7517.0,,,
47505,90600,3613.0,7399.0,12614.0,18719.0,21165.0
47506,90700,5943.0,11845.0,18264.0,29857.0,42289.0
47507,90800,5735.0,14943.0,,,
47508,90900,2727.0,11695.0,16778.0,,
47509,90901,,,,14960.0,20130.0
47510,91000,7602.0,14285.0,24819.0,,
47511,91001,,,,33128.0,58300.0
47512,91100,6050.0,13512.0,17174.0,27172.0,42581.0
47513,91200,5169.0,13117.0,16693.0,27221.0,40444.0
47514,91300,3732.0,8447.0,11129.0,15217.0,20016.0
47515,91400,3566.0,10202.0,13977.0,17885.0,29746.0
47516,91500,4121.0,10402.0,15264.0,18605.0,32541.0
47517,91600,5692.0,11735.0,12260.0,16493.0,23727.0
47518,91700,4880.0,9840.0,12363.0,19515.0,22032.0
47519,91800,4188.0,9189.0,13240.0,17383.0,18224.0
47520,91900,3824.0,10038.0,13671.0,17841.0,24580.0
47521,92000,4117.0,9792.0,14739.0,19096.0,24984.0
47522,92100,5714.0,13710.0,16258.0,,
47523,92101,,,,24613.0,30618.0
47524,92200,6574.0,18385.0,19795.0,28602.0,33103.0
47525,92300,4208.0,9903.0,13848.0,18901.0,24166.0
47526,92400,3997.0,8182.0,11921.0,15698.0,19086.0
47527,100100,3796.0,8808.0,11548.0,14072.0,16414.0
47528,100200,4042.0,6907.0,13156.0,19364.0,21912.0
47529,100300,4504.0,10373.0,14559.0,19510.0,25696.0
47530,100400,5741.0,13389.0,17924.0,26947.0,25622.0
47531,100500,5307.0,12242.0,13642.0,27151.0,30403.0
47532,100600,,,,,
47533,100601,6182.0,14390.0,19414.0,27285.0,35270.0
47534,100602,5476.0,14069.0,20326.0,,
47535,100603,,,,34319.0,52417.0
47536,100700,6809.0,16391.0,22501.0,34592.0,53263.0
47537,100800,7283.0,16299.0,23258.0,30939.0,49032.0
47538,100900,7297.0,16011.0,21543.0,26619.0,42529.0
47539,101000,,,,,
47540,101001,6543.0,13003.0,18219.0,23883.0,34106.0
47541,101002,5898.0,12397.0,15592.0,20119.0,24707.0
47542,101100,,,,,
47543,101101,6454.0,10439.0,15571.0,18773.0,20014.0
47544,101102,3883.0,10222.0,12686.0,14934.0,20387.0
47545,110100,,,16774.0,,
47546,110101,788.0,4073.0,,,
47547,110102,5990.0,13071.0,,,
47548,110103,,,,32536.0,38228.0
47549,110200,6169.0,12133.0,15870.0,,
47550,110201,,,,26446.0,25638.0
47551,110300,6953.0,17490.0,21231.0,,
47552,110301,,,,30994.0,40137.0
47553,110400,,,,,
47554,110401,6060.0,13053.0,16529.0,24612.0,34166.0
47555,110402,7067.0,16058.0,24889.0,,
47556,110403,,,,31349.0,46314.0
47557,110500,,,,,
47558,110501,7605.0,18736.0,26058.0,36547.0,52579.0
47559,110502,6419.0,14917.0,21440.0,33181.0,41327.0
47560,110600,,,,,
47561,110601,9446.0,23397.0,36810.0,50530.0,61919.0
47562,110602,7077.0,16098.0,25528.0,,
47563,110607,,,,37424.0,50167.0
47564,120100,9824.0,23919.0,,,
47565,120101,,,29634.0,,
47566,120102,,,47543.0,,
47567,120103,,,,94608.0,79481.0
47568,120104,,,,44287.0,57499.0
47569,120105,,,,73644.0,68356.0
47570,120200,5433.0,13263.0,24043.0,,
47571,120201,,,,31664.0,52768.0
47572,120300,4880.0,10823.0,16330.0,,
47573,120301,,,,40766.0,43615.0
47574,120400,6438.0,18757.0,34355.0,48698.0,66965.0
47575,120500,4771.0,8583.0,14019.0,29125.0,41448.0
47576,120600,6311.0,15929.0,25881.0,51064.0,64234.0
47577,120700,8337.0,18684.0,24752.0,41320.0,61334.0
47578,130100,8823.0,21613.0,29903.0,45928.0,54435.0
47579,130200,7958.0,20792.0,31713.0,51822.0,53392.0
47580,130300,8852.0,20562.0,32255.0,46779.0,59294.0
47581,130400,,,,,
47582,130401,7350.0,16871.0,18530.0,,
47583,130402,8070.0,18013.0,29095.0,42326.0,46447.0
47584,130404,,,,38185.0,38163.0
47585,130406,,,,22032.0,27014.0
47586,140100,,,,,
47587,140101,6242.0,14333.0,,,
47588,140102,6629.0,16795.0,22225.0,29348.0,37038.0
47589,140103,,,21343.0,,
47590,140104,,,14517.0,,
47591,140105,,,,29008.0,35438.0
47592,140106,,,,17678.0,21685.0
47593,140107,,,,34125.0,41920.0
47594,140200,7232.0,16002.0,,,
47595,140201,,,21137.0,33912.0,35918.0
47596,140202,,,19939.0,29568.0,39354.0
47597,140300,6419.0,12806.0,16912.0,26390.0,24053.0
47598,140400,6300.0,14239.0,18254.0,23237.0,27395.0
47599,150100,3549.0,4506.0,8631.0,,
47600,160100,4743.0,9713.0,11654.0,,
47601,160101,,,,16049.0,23527.0
47602,160200,4282.0,8640.0,10990.0,14142.0,18304.0
47603,160300,0.0,27529.0,27676.0,37888.0,43196.0
47604,160400,4066.0,8653.0,10139.0,18620.0,30516.0
47605,160500,5335.0,11842.0,15520.0,,
47606,160501,,,,16444.0,23251.0
47607,160502,,,,22713.0,24216.0
47608,160600,6914.0,12947.0,16004.0,,
47609,160601,,,,20901.0,26796.0
47610,160602,,,,22195.0,24719.0
47611,160700,4758.0,12235.0,,,
47612,170100,7287.0,15630.0,20979.0,24459.0,27692.0
47613,170200,5871.0,13957.0,17442.0,25523.0,25030.0
47614,170300,6944.0,15404.0,19166.0,28914.0,30872.0
47615,170400,6834.0,13275.0,19816.0,25674.0,32705.0
47616,170500,6729.0,19028.0,27263.0,,
47617,170501,,,,24677.0,37295.0
47618,170502,,,,32575.0,41924.0
47619,170600,6630.0,14816.0,20741.0,,
47620,170601,,,,22386.0,31684.0
47621,170700,6267.0,11675.0,13632.0,,
47622,170701,,,,21447.0,33288.0
47623,170702,,,,21437.0,28188.0
47624,170800,6472.0,14619.0,20578.0,25103.0,28050.0
47625,180100,8702.0,18907.0,27699.0,,
47626,180101,,,,41128.0,40733.0
47627,180200,7326.0,16241.0,26710.0,31239.0,46927.0
47628,180300,7920.0,17633.0,27091.0,,
47629,180301,,,,41426.0,50268.0
47630,180400,8061.0,19355.0,28177.0,43139.0,43368.0
47631,180500,7700.0,17635.0,27533.0,38193.0,43736.0
47632,980101,,,,4356.0,8930.0
47633,980300,,,,7600.0,6112.0
47634,980700,,,,,
47635,981000,,,,,
47636,981100,,,,4045.0,17648.0
47637,981201,,,,,
47638,981202,,,,18701.0,25290.0
47639,981300,,,,57039.0,85762.0
47640,981501,,,,,
47641,981502,,,,,
47642,981600,,,,,
47643,981700,,,,,
47644,981800,,,,,84250.0
47645,990101,,,,,19057.0
47646,700100,6731.0,15595.0,21659.0,35060.0,39063.0
47647,701100,5694.0,13143.0,19124.0,28004.0,32642.0
47648,702100,,,,,
47649,702200,5567.0,12421.0,17774.0,27694.0,32973.0
47650,703100,5453.0,11378.0,14995.0,19841.0,27437.0
47651,703200,6457.0,12612.0,18171.0,22532.0,26070.0
47652,703300,6901.0,13652.0,17791.0,25712.0,30181.0
47653,704100,,,,,
47654,704200,6663.0,15086.0,21030.0,28160.0,33865.0
47655,705100,5933.0,13347.0,21994.0,26360.0,39294.0
47656,706100,6358.0,15575.0,23072.0,31347.0,37857.0
47657,707100,6022.0,14203.0,20022.0,24230.0,29830.0
47658,707200,6406.0,11154.0,17722.0,21601.0,20064.0
47659,707300,6076.0,11264.0,16009.0,23231.0,25107.0
47660,707400,6845.0,13852.0,20479.0,28724.0,31991.0
47661,707500,7622.0,14455.0,18361.0,22233.0,29285.0
47662,708100,7450.0,16798.0,24913.0,31891.0,44228.0
47663,709100,8483.0,26270.0,26452.0,35381.0,38706.0
47664,709200,6501.0,,,,
47665,709201,,15346.0,22794.0,31788.0,34134.0
47666,709202,,16388.0,20968.0,28941.0,31213.0
47667,709300,7280.0,11821.0,,,
47668,709400,5404.0,11239.0,15710.0,19501.0,22487.0
47669,709500,7853.0,19268.0,24980.0,,
47670,709501,,,,34351.0,51531.0
47671,709502,,,,27629.0,35216.0
47672,709600,6488.0,13281.0,16849.0,22200.0,27402.0
47673,709700,6929.0,16011.0,,,
47674,709701,,,21514.0,32428.0,37752.0
47675,709702,,,19818.0,28994.0,31111.0
47676,710100,6125.0,12235.0,17382.0,24258.0,27867.0
47677,710200,6394.0,13525.0,20930.0,30145.0,38009.0
47678,710300,6049.0,13455.0,18160.0,24638.0,35413.0
47679,710400,6656.0,12803.0,18229.0,27233.0,26901.0
47680,710500,5555.0,9098.0,12500.0,18331.0,22944.0
47681,710600,6136.0,11668.0,16516.0,20624.0,22156.0
47682,710700,4939.0,10359.0,12482.0,13955.0,23397.0
47683,710800,6613.0,13018.0,16426.0,17436.0,16814.0
47684,710900,1778.0,3794.0,,,
47685,711000,5136.0,10610.0,15414.0,19685.0,21142.0
47686,711100,7413.0,15670.0,20028.0,24063.0,33015.0
47687,712100,7911.0,19166.0,,,
47688,712101,,,23711.0,32166.0,44059.0
47689,712102,,,32116.0,41567.0,44247.0
47690,713100,6575.0,14619.0,21010.0,30150.0,33862.0
47691,714100,5221.0,9814.0,11438.0,,
47692,714200,12408.0,31295.0,45035.0,,
47693,715100,9544.0,24546.0,42542.0,54018.0,62060.0
47694,716100,6341.0,17146.0,24194.0,34220.0,36814.0
47695,716200,6616.0,13699.0,20592.0,26913.0,27850.0
47696,716300,6034.0,13288.0,21683.0,25276.0,31642.0
47697,717100,7712.0,19118.0,28915.0,43688.0,49929.0
47698,718100,8794.0,22571.0,32274.0,53898.0,48655.0
47699,719100,7515.0,17830.0,28844.0,42211.0,54066.0
47700,720100,8917.0,21386.0,32232.0,43774.0,60843.0
47701,721100,6803.0,16312.0,23283.0,,
47702,721101,,,,32429.0,38660.0
47703,721102,,,,31804.0,39751.0
47704,722100,6684.0,14012.0,20476.0,32857.0,36173.0
47705,723100,6125.0,13938.0,20889.0,31900.0,33702.0
47706,724100,7135.0,14238.0,21501.0,30599.0,35708.0
47707,725100,6065.0,13710.0,20205.0,28463.0,37047.0
47708,726100,7200.0,15956.0,23194.0,33899.0,38097.0
47709,726200,5986.0,12753.0,18975.0,26238.0,30461.0
47710,727100,9223.0,20893.0,29573.0,36414.0,43878.0
47711,728100,11237.0,23818.0,31998.0,46987.0,53503.0
47712,728200,9206.0,21166.0,29744.0,37617.0,49136.0
47713,728300,8984.0,21127.0,25702.0,39523.0,43724.0
47714,728400,8064.0,18746.0,25462.0,37622.0,45931.0
47715,729100,8065.0,17776.0,21729.0,27859.0,32333.0
47716,729200,8565.0,16929.0,24907.0,35232.0,40601.0
47717,730100,7463.0,16157.0,23502.0,35248.0,34420.0
47718,730200,7320.0,15764.0,24400.0,33430.0,43560.0
47719,730300,7185.0,15523.0,22117.0,28727.0,32272.0
47720,730401,6673.0,14544.0,18447.0,22075.0,24827.0
47721,730402,6094.0,12914.0,18594.0,25688.0,23611.0
47722,730500,7638.0,15091.0,17868.0,25911.0,23718.0
47723,730600,10016.0,18173.0,27287.0,35895.0,37503.0
47724,730700,8941.0,17346.0,32928.0,37518.0,40643.0
47725,730801,14404.0,30597.0,35216.0,47997.0,55525.0
47726,730802,9966.0,21624.0,26670.0,38498.0,40616.0
47727,730901,8927.0,15986.0,20231.0,30514.0,41266.0
47728,730902,7739.0,15969.0,21307.0,27837.0,29285.0
47729,731000,6179.0,14101.0,17266.0,,
47730,731001,,,,23807.0,37386.0
47731,731002,,,,23516.0,31613.0
47732,731101,5563.0,13728.0,19644.0,24883.0,22404.0
47733,731102,7087.0,16606.0,21974.0,24505.0,42735.0
47734,731201,5103.0,10559.0,12228.0,,
47735,731202,2110.0,2855.0,3765.0,3197.0,3446.0
47736,731203,,,,12072.0,17651.0
47737,731204,,,,14576.0,18009.0
47738,731300,4076.0,7735.0,14227.0,12875.0,18958.0
47739,731400,4171.0,7093.0,11989.0,13561.0,17562.0
47740,731500,4660.0,8310.0,11570.0,12125.0,23881.0
47741,731600,5843.0,11037.0,13287.0,15113.0,17064.0
47742,731700,5728.0,9835.0,15568.0,20393.0,26397.0
47743,731800,4791.0,9573.0,10735.0,18287.0,17283.0
47744,731900,4971.0,10309.0,14786.0,15591.0,17899.0
47745,732001,2556.0,5262.0,8163.0,11105.0,11050.0
47746,732002,6186.0,12430.0,20940.0,27070.0,35578.0
47747,732100,1911.0,4384.0,23593.0,,
47748,732201,7103.0,18081.0,22679.0,28760.0,37927.0
47749,732202,7091.0,14070.0,19888.0,23465.0,31393.0
47750,732203,5636.0,13550.0,20045.0,27568.0,24183.0
47751,732300,6576.0,15135.0,19932.0,,
47752,732301,,,,32149.0,37586.0
47753,732302,,,,27609.0,25270.0
47754,732400,4886.0,9967.0,13170.0,16671.0,20478.0
47755,732500,4992.0,8601.0,11398.0,14687.0,19486.0
47756,732600,6545.0,11557.0,15923.0,17382.0,27894.0
47757,732700,6404.0,13649.0,15597.0,22435.0,21657.0
47758,732800,7141.0,18188.0,25533.0,,
47759,732801,,,,38652.0,42686.0
47760,732802,,,,26723.0,28671.0
47761,732901,6110.0,13296.0,16824.0,24183.0,24132.0
47762,732902,2393.0,3306.0,4036.0,3357.0,6128.0
47763,733000,4912.0,9880.0,12320.0,14936.0,19154.0
47764,733101,6348.0,14460.0,21643.0,28694.0,30263.0
47765,733102,7063.0,14836.0,20746.0,28560.0,29376.0
47766,735100,6436.0,16435.0,21470.0,31368.0,37145.0
47767,735200,6324.0,14840.0,19843.0,32151.0,37992.0
47768,736100,7320.0,17077.0,21304.0,30577.0,38257.0
47769,736200,7096.0,15917.0,21344.0,37444.0,43805.0
47770,736300,7494.0,18261.0,23131.0,31065.0,35746.0
47771,736400,7557.0,15333.0,26597.0,33180.0,40770.0
47772,736500,7958.0,20285.0,25829.0,33239.0,47129.0
47773,737100,6563.0,15956.0,23202.0,37144.0,47815.0
47774,737200,6399.0,13064.0,20327.0,32925.0,33887.0
47775,737300,6790.0,15939.0,24808.0,31326.0,41240.0
47776,738100,6871.0,13908.0,19548.0,32416.0,46828.0
47777,738200,8567.0,19347.0,31304.0,,
47778,738201,,,,47252.0,46246.0
47779,738202,,,,44543.0,51701.0
47780,738300,7684.0,16938.0,24282.0,,
47781,738400,0.0,3196.0,2222.0,,
47782,739100,8676.0,20211.0,27255.0,40030.0,53738.0
47783,739200,7311.0,17117.0,27155.0,33190.0,38757.0
47784,739300,9451.0,19371.0,29210.0,36923.0,43322.0
47785,739400,8694.0,21748.0,32526.0,40778.0,47786.0
47786,739500,9218.0,23413.0,39736.0,43895.0,53615.0
47787,740100,8794.0,22983.0,,,
47788,740101,,,33776.0,52863.0,57781.0
47789,740102,,,33550.0,44793.0,60858.0
47790,740200,8614.0,22512.0,29962.0,39637.0,65863.0
47791,741100,9622.0,,44310.0,,
47792,741101,,,,51849.0,72860.0
47793,741102,,,,65002.0,67362.0
47794,741198,,25841.0,,,
47795,742100,3778.0,7136.0,11647.0,,
47796,742200,9330.0,22471.0,33515.0,,
47797,742300,8301.0,19314.0,27119.0,40225.0,52798.0
47798,742400,10572.0,21987.0,41386.0,,
47799,742401,,,,55843.0,72188.0
47800,742402,,,,47156.0,54319.0
47801,743100,7248.0,20292.0,34924.0,45632.0,56909.0
47802,744100,7540.0,18015.0,,,
47803,744101,,,26721.0,39112.0,44596.0
47804,744102,,,26615.0,36081.0,38978.0
47805,744200,7139.0,14790.0,23496.0,31904.0,38933.0
47806,744300,5834.0,12580.0,17817.0,22243.0,28209.0
47807,744400,7291.0,14772.0,20610.0,24797.0,33659.0
47808,745100,7627.0,16677.0,24791.0,40170.0,42950.0
47809,746100,7444.0,19823.0,27693.0,39480.0,51455.0
47810,747100,5814.0,,20936.0,,
47811,747101,,,,35803.0,42921.0
47812,747102,,,,28976.0,37894.0
47813,747198,,15791.0,,,
47814,748100,5822.0,15125.0,20497.0,27322.0,38338.0
47815,749100,6957.0,17747.0,26774.0,35807.0,45830.0
47816,749200,6502.0,15381.0,21583.0,33126.0,36105.0
47817,750100,6521.0,13505.0,20939.0,28267.0,31561.0
47818,750200,6592.0,15901.0,25010.0,39976.0,44733.0
47819,750300,6166.0,12071.0,20365.0,28419.0,37004.0
47820,751100,6949.0,16937.0,27490.0,,
47821,751101,,,,41164.0,41139.0
47822,751102,,,,50865.0,63565.0
47823,752100,6231.0,14660.0,23036.0,34705.0,43562.0
47824,753100,6505.0,15084.0,22466.0,31584.0,36444.0
47825,753200,5933.0,13533.0,21050.0,28894.0,31827.0
47826,754100,7312.0,18267.0,23369.0,32642.0,40981.0
47827,754200,5959.0,13145.0,17787.0,21502.0,28473.0
47828,754300,5367.0,12114.0,18723.0,18702.0,20404.0
47829,754400,6266.0,13313.0,19770.0,28462.0,31519.0
47830,755100,6802.0,14769.0,18635.0,26131.0,30481.0
47831,755200,6367.0,13163.0,22934.0,29402.0,32253.0
47832,756100,5966.0,15128.0,,,
47833,756101,,,22558.0,34939.0,39082.0
47834,756102,,,24138.0,33681.0,44663.0
47835,757100,5762.0,12917.0,18723.0,21851.0,25945.0
47836,757200,4811.0,9890.0,12093.0,15320.0,17365.0
47837,757300,5838.0,11511.0,15073.0,17427.0,18136.0
47838,757400,7267.0,12646.0,20856.0,22643.0,33074.0
47839,757500,6738.0,16086.0,22700.0,29765.0,33167.0
47840,758100,8067.0,16642.0,25559.0,,
47841,758101,,,,38154.0,37933.0
47842,758102,,,,36457.0,41196.0
47843,759100,6077.0,14988.0,22629.0,29233.0,34840.0
47844,760100,6048.0,12368.0,20144.0,28619.0,36953.0
47845,761100,6373.0,12805.0,17192.0,29029.0,30141.0
47846,761200,,,,40741.0,42807.0
47847,761300,,,,31035.0,43087.0
47848,761400,,,,53284.0,59208.0
47849,762194,,0.0,,,
47850,762195,,0.0,,,
47851,762196,,0.0,,,
47852,762197,,0.0,,,
47853,762198,,0.0,,,
